-4.40746897677579,6.402997279588201,7.113720698535739
-3.193673356460185,7.390972378118191,2.5970462324585672
6.156764751924877,5.312307476647209,-1.5020766884012224
-8.611442925387152,5.4763313787749075,9.152511284230266
-7.2097401073020775,5.745367587878409,9.70824063033852
-3.7270702747955555,-1.8768871212481395,4.674692902445023
-9.453731268456096,6.241355066795743,9.355513038473589
-8.428408772975732,4.251679415525658,9.540020884042285
-5.092520353202043,-6.203521407021607,3.1837172118299577
-4.689471193127282,7.37151055651832,4.484097864326016
-5.5852509228913085,-5.26309147699043,3.7019178084768676
2.5613026081704553,5.177194456981392,-0.4155078972286709
3.4640953820028724,4.233067730110751,-1.0369073241179092
-3.7632247235358816,4.1350613493789865,9.17547497480443
-2.647748668014376,4.627503260425117,3.420934319523999
-3.6136816384519252,-4.173712239811261,1.94798664611949
4.370653349782681,5.125274359640701,-2.362417932972469
-3.035004135504683,6.682960942461832,1.4234953122249658
-10.262725975874158,5.976552822689461,10.417600662908328
3.6903901460964508,4.3176910230070344,-3.0707812491210666
-4.003555148224948,5.426379259588529,6.9895778558571
-8.361507910320201,6.024661841160664,10.477729535727011
5.364492537403054,3.489641935782015,-2.8941115632972494
-5.069299269301585,3.4278784297018143,5.650355985007055
-9.280992799493369,4.3007866423137395,8.797691197173764
-4.759370802912353,5.760907564036047,8.36699835896385
-7.184258539309017,-4.417098104871882,3.876016162131249
3.6232409133652705,3.817812262150926,0.22807292647789357
-7.072503999388152,4.811716439744856,9.068133192683304
-3.4253553830324446,6.6211546968649895,5.554835100966494
2.751866589288923,5.927138990577944,-1.155447153048406
-2.012699443927423,5.940769255418823,4.062214722076527
-8.219484208937189,5.365873366243969,8.101605597370158
-2.8958407514166824,-4.806638923817299,4.094525148141628
-2.952653475331213,-5.068248238787973,3.6676904880630348
-2.129301128879439,5.835647699391597,2.6440348525379602
-5.046759801665525,2.36034087316717,5.604608667044033
-3.2014762705068303,6.672034507921257,3.6427926677401454
-2.7135651959407334,5.323929872839217,1.2742550475030021
-3.6924702057854635,6.046331419677349,3.4723242973358217
-2.797637566144818,7.639794458963461,2.682392503362163
3.4075188335883975,4.517759614185303,-0.7458770665427893
-3.9562887269689697,4.795340382241204,6.096151914213657
4.58120372983619,3.765265514916404,-1.7220692845110035
-9.169751159926887,3.984798191002106,9.95691859695581
-2.93781066233949,7.1809157769735705,3.9878244651161636
3.8987018690499977,4.166174627644689,-1.7137227022631563
-7.682047382714609,4.751066442707844,10.078643556796804
-8.739427320256345,4.825927139453757,9.037738392860549
-6.396834449413814,4.320418802035798,9.339689778018188
-3.6970713764793306,5.345856498502009,4.2003678944257326
-3.4978750844531366,-3.8971726081699227,4.245132666915562
-2.881032272815816,5.508049110319687,8.179927251408262
-2.480215259356568,4.484477677326254,8.16946467749527
-2.485386678909269,5.8091092980604655,2.639646802320373
4.4322716785554395,3.840474735027855,-1.392530149422288
-2.942365340427208,-4.961752184895069,3.8476206864901954
-2.5706394459719393,5.744081206981372,7.971199075979737
-4.334483669033572,6.018208682952632,7.601010439318932
-0.41031206210235904,6.4183589671438295,2.248838995014311
-8.842505712058042,6.163648488796653,10.587109367488614
-2.4610609117056987,7.3872411961587865,3.39428123895893
-3.027930176424098,3.6788267931334953,7.486575384726915
6.4094563393008395,5.787315299648482,-1.2952529361889917
-3.7655382195952263,4.7617080875019715,4.6877542268745485
-3.3336382560707123,-5.404288726324036,3.304138211006986
-1.9649143728410854,-2.147971509686916,3.7966299814223867
-3.587279870815821,4.643824167678668,6.105721559187888
-1.1526625539066826,5.817947502160974,3.9181226060711807
-2.732099517007189,7.056438819889331,4.204674315486362
3.646968333789628,5.700379183869625,-1.7286976871337296
-4.82088323080733,-4.091222284056419,4.548991504635847
-3.1904583389499646,-5.681198338161005,3.3648215622611137
-3.668038254717215,-2.44583616588157,2.9152085910679313
-5.078403363182653,-5.006391861624798,3.9738513639426243
-9.105893996061216,4.387076197304037,9.624156160700672
-2.2972454141338696,7.2044447231835145,1.5398996185683838
4.822554941374652,4.861472912574622,-1.412213977723831
-8.901969562652281,5.690067492890954,9.740714028684655
-5.152818307210005,-5.786423569241992,3.406319977370868
4.991778592687039,3.390433207060493,-2.2732521644804526
-2.8435695651129165,6.364367513141893,3.605733134569455
-7.279512561947543,6.823777101228956,8.900901322174748
-6.04553883875454,-1.8978377928370729,2.833120662868216
-5.034862049008462,-4.795060647072542,2.438149710037346
-1.858560194040061,8.445166181617596,2.3918575351784472
-5.978416588750909,-4.331418355991038,2.487617022252495
-5.270583364124115,-3.5901544767336566,2.439805329471211
-9.62465567836518,4.61014945394526,9.982364765020657
-1.4278130194918337,4.892209441559422,5.876357925838663
-7.9752880001550785,6.685662687380493,11.009963949368
-8.981987997533064,5.192732320291868,9.660144652336916
-1.3835162742725722,2.8476321062538124,4.404273380443399
-4.036682268176125,-3.0572141843319147,4.292610464548723
5.511948911808901,4.704892964785831,-0.8455758765896271
-9.058046233751167,4.4604352376352745,10.285532062509088
-4.308009115486536,-5.792523249558506,3.0400303114285108
-0.716193756989443,7.256723923906461,1.7664846607599396
-2.7305553201588717,5.690936112358844,3.2321715272453715
-5.444122709262251,-4.187305960275138,3.7784410036597156
-7.979334308198448,4.803794870188968,9.788866607615326
-3.746687753650246,4.73570638816334,5.360836239740188
-2.33683011389199,5.329954536734492,3.7460899903507254
3.869904342860314,4.800145467908628,1.1173455745771959
-2.616085364648176,6.930754592252819,1.2094208344224024
-2.665656518597334,-2.2054088062150825,1.4546869450255915
-10.212399485010941,4.6550614714564835,10.27262098769534
5.794726705917076,3.89897312857544,-0.7823692977520331
-8.876870353472018,5.10731634784525,10.086942997073466
-9.256495973446755,5.153220133157991,9.76252484595924
4.629260459584221,4.332937460970395,-1.3504389741128087
-6.10141955472132,-4.256732988974794,3.7423304102440236
-2.4013161459089196,6.827655165881862,3.2029712346633277
-3.3960968547816277,-4.930521331953218,4.2538966428369855
-1.9808544416994673,5.857698492097429,2.412086773534518
5.112314966235921,3.7313891784341977,-1.8774266962728219
-5.98688975131552,5.26169773200541,6.739660719457477
-4.8851329922584785,4.811192032309424,6.960277414030262
4.528598822201515,3.2759794472825297,-0.14580558409809052
-7.308391152594655,6.65677365795595,9.456187231946014
-2.8951494132498006,5.0815808809146805,6.05215533559356
-9.146887554418308,3.4051505309525414,9.696986681626997
-3.554743451382861,6.58024083320044,2.3139818281966544
-2.992855995974276,6.521372426650343,5.913716034593562
-3.437953218180423,-4.781628900565631,2.811238421395113
-3.662773992142285,4.91273178821918,5.9583789758733605
-7.903918097008225,5.509836717562527,9.70137014996288
4.067576541585869,4.370358062084171,-0.9565927323053303
-10.429737556848306,5.997275045996496,8.05231884646265
-3.527308575867275,-3.9681930412786617,2.8105493422722834
-7.39678617105916,4.275979224060613,9.709382123328275
-4.04437569516988,-5.522125509749532,3.07141640020986
-1.815382992348456,5.567095508612528,1.7370165512430988
-5.598730007396849,4.574350435129611,7.273892247329785
-7.084719122624411,4.786747614920882,10.837056733577857
-3.8877832807043307,4.740562068069847,8.109341898309797
-3.5461140429244082,6.625478363491961,5.573780626693045
-2.833220776231761,4.934651691406765,2.399079808888536
-5.682970295206047,-5.059704974337652,2.8497756179996103
-6.672098036642108,5.456670910618703,9.99358638744668
-7.014940962565475,4.034611578248828,10.481476789080935
-3.120138264616457,5.2846967444384045,7.266214989619639
-1.8418613513535047,7.162268309456822,3.4342455642860177
-4.618165529641747,-3.712764709449355,1.6613148748420778
-4.538402686903211,-4.354680619764034,3.8568864550249087
5.810243175618299,3.795430289395746,-1.2771042824466559
-3.2335316214054615,6.403063376521699,2.93603028486388
-4.736241994817636,-5.305194534601264,2.7667102078440458
-2.814293655932974,6.44078166495115,4.465051285806939
4.4083326830714995,3.3146170026505573,-0.7838024622784004
-2.8472639907726975,6.37307811206119,8.059202929620266
-2.252087453622388,6.335642855240896,2.102784811796478
3.6039516964643954,3.2537369751271488,-1.9556335039685049
4.536771511021927,4.462526558101926,-1.5307928509958404
-3.3922184729662845,-3.829942057896151,4.151959831848497
5.2932298347021645,4.830213478020379,-2.2747721246486954
-8.043071551209218,4.5862801078693325,9.047154661849243
4.873634886470322,3.0841067304083207,-1.8387489578708993
-6.742198024684402,3.5413730470872316,10.00958440678362
-4.119719327843346,5.892165273169381,7.222454395416837
-4.333049663223803,-6.330130601847477,2.43545511410787
-4.831871981673761,-5.946746458062433,2.001945130133035
4.4048466977564935,5.531027356186067,-3.881481186476298
-8.87509907780278,6.415478250825689,7.965826442463938
-3.003090761703677,4.625669161917596,3.141487794510371
-2.8328832799047237,6.937971699743978,4.127725825540856
-3.6296850539308614,5.37623738609004,6.8753453508349995
-3.1297423732981886,3.383572947512782,7.965428921966655
-1.989556061833102,5.706768259039748,6.874226768803923
-7.867886233731616,5.9330652755392075,11.078612730377198
-7.67318638157986,4.625672113866723,11.421849810778333
4.7611976577464645,4.4151424960747265,-2.0469691509893164
-4.400811657503928,-5.12816327250918,3.433740044891917
-3.760365183081019,-4.7445166815165765,3.6972886551247632
-9.320609214126739,6.743440801264854,9.92386084937264
-1.9855929451962178,5.8933136390931535,7.294321947574362
-2.9712608435433805,4.325218814271188,6.838087777417341
-3.5061536450526876,-3.986255113822313,5.1522073088626295
-3.773721191777514,3.693290481272988,8.032291192605603
4.490702009322231,2.699914987266613,-0.41992355404497195
-3.8693321527721336,4.62886258558104,6.271126268188081
-4.360522788879439,-3.767082389229918,3.0462824490521476
-1.8300776389072801,5.450250847569732,4.175052302599056
4.1904501735375055,6.117349522856282,-1.0916199668753763
-4.0097806114937935,3.7447346720957144,6.790255561087675
-3.0660773432472928,6.737844623047172,3.4876455783778555
-3.888697981043663,-3.952567444402834,2.4658900976788436
-2.995138857664911,-5.188357197151292,1.898540651423588
-1.1324127569858289,6.689329289875502,2.0541093453377726
-2.5200200800201,5.639660606299789,3.0902378507285584
-2.7133251370534306,6.002504068136463,2.6285030279289643
-1.8314995803576424,7.7921828189629325,1.3320110926215307
-2.5838482216405625,7.144127955931686,1.50605179500106
-2.9293772872345816,-3.0491059013976036,3.1747757296794994
5.173730766047209,4.281292075549084,0.759884597786602
-3.9865511319221314,6.77232457341345,6.8845402413117505
-2.334967289398118,6.423440623322844,3.6672844314851663
-4.202014617605986,-5.363834032601856,3.9562631630189364
5.031353169662761,3.6880832921466515,-0.3333128499514294
-1.624672870842386,5.996033997520503,2.4271078830360824
-10.518849879203941,5.020967310004196,8.961817782479942
-3.8789639098276023,-3.3252717776863356,4.187141461040662
-3.550653430597242,-5.38118260932387,1.9879259403893466
-3.397226043090917,-4.73725606809378,3.587216827929393
-2.6445629128798953,7.387017138402126,-0.03071448654131137
-2.432049977886459,6.763373682080303,2.1550444519888488
5.043900772531834,5.620459758999263,-3.1260726234697316
-2.234110731833103,6.890493421515924,3.063701049528064
-1.544065213476682,7.381168376425944,3.8169614161434717
-2.8171396224535132,4.879748097077623,5.813575268715117
2.540393733891638,4.859133537697869,-0.6466310473617323
-8.22241367159759,6.468123830171895,8.121234132087825
-2.031009691582862,5.513419718546944,1.954777067708009
4.028722714649693,5.710101609021855,-1.8026160717678785
-2.8463029583616355,5.056787553911581,7.172508398093475
-8.955252353602258,6.340828244501358,9.894972858601252
4.064154207245742,4.194222274011834,-1.778274300104722
-4.652436449738693,-4.706470735111816,3.5765808354934734
-3.5441863161898977,-4.2934637853530635,4.351814145818905
-1.5904209545604941,7.003822566483207,1.6631539757581286
-3.9896023651154433,5.16439656151116,3.6892791142249024
5.915864487853535,3.920392030755896,-1.1251938007560542
-5.028357108439204,-3.9892754414910407,2.099169013708714
-5.549416497271373,-3.494392401108178,5.305082059124608
-4.363198574521967,5.928102526892451,6.921266975926869
4.6061620907942595,4.628575843489364,-1.275541745751942
-3.2756068303798833,-3.700199802421193,2.7909253228602373
-3.970880551176639,-2.1541005788755485,3.295207928449775
4.13256350581454,5.409980387708286,-0.666976019702342
4.401813729507854,4.2588268853306595,-1.366845941682792
-8.03965794497491,4.729732555835913,9.373460964017719
-9.31025102192478,4.849639558259287,9.645779984112659
-8.917103670526167,7.097105005546094,9.958546018696897
-2.1625874612551566,6.062038876244864,6.935463358376085
0.1022535915967655,6.983328961356498,3.5133453085108504
-2.6062768157378677,4.466450825432688,0.7001473237436611
-2.5786171645473264,-4.0201037506764825,2.9649767756066603
-7.600574270505446,5.995049702338718,8.407664225056772
-4.680023380261961,-5.701765505506598,3.776284974570315
5.197287766884319,5.055733641312753,-0.9132667979745559
-2.4418178545719993,6.370585810783919,6.424562768929359
-1.4616862884021051,5.867233620508839,2.863808440675368
-2.6556431180202793,-4.320385727457385,2.80820124775327
-1.665469562561412,6.640975395055693,6.211401855402753
-4.477772850036928,7.078993161846833,4.744299039936784
-2.735602761858213,-4.357080391024195,3.41066681376899
-3.3009819135575134,6.392607458432208,4.883307327110003
-2.8908399457268943,-5.578247044036525,2.3986698858526814
-4.321862356339613,4.445261362123596,6.8866605330652995
-4.436918170257886,-5.960121689362367,4.316788898464679
-2.4951987963890954,5.61781742010385,7.959866335030321
-2.8184482314827046,4.575063060990644,6.142123776588814
3.335679445518258,5.134226107626475,-1.992753777100347
-3.1969846555348083,5.250799174308678,6.240555126697179
-8.5841765446055,4.751555764118849,11.2044177935904
-8.720896364585853,3.948396009454556,9.469634631725533
-3.5471336712624617,4.630782020364479,5.572997188442263
-0.6972889102955815,6.800610045566039,1.9539265374287829
-10.705280649816096,4.547020044627019,9.362580563855827
-2.9551900111996905,7.348802769208359,6.187813854141505
-2.8741821291462113,-4.61754189360074,2.7891558280861815
-3.118456648353021,2.7431987907338415,5.367984834168495
5.304077157392586,3.819991846721212,-0.7466305894050266
4.992875900636764,4.577732557908045,-1.102570397411703
-10.080542190941033,6.06533870710113,9.743708403229455
-4.224730384491378,-3.8979356008372976,3.681337292303321
-2.393153915157839,6.10736491975137,2.8736433648273505
-8.309425421004633,4.4677326811851845,8.370342951049427
-8.450085066153797,4.320774999464319,9.0619731372965
-8.367543132979888,3.822482759926965,10.040924106843974
-2.046913149061004,5.800007762663603,1.5320087204031045
-3.5133118411618858,4.971954374448458,1.3116476785039624
-3.872359019966569,4.235275920013359,4.215739132678833
-8.41170018301883,6.306721462103921,9.119179643270396
-6.676449214809933,-5.378481826552807,4.7792559094139655
-8.265949288002927,6.326931076114871,9.211781387270106
4.412962010114582,4.079829595415504,-0.46353951383343084
-2.0546432705981,6.160219099321248,4.069310979136791
6.250775536738503,1.904686764341048,0.34706639759062474
4.3760005480602135,6.412231184880913,-3.520224549140054
-7.422149337527584,4.433455259071699,9.994475254125433
-2.693586245472896,3.9417444465624847,8.613060712929842
-3.8633173095133615,6.819757186215167,7.306373956947658
-3.3542253393499273,-1.575972034908197,2.623855362560554
-1.6884422193564754,6.19201794662465,2.1116252935508655
-2.8471055045474047,5.907269083072879,1.8775417771102485
-8.287079612809453,4.082712720934762,9.432198050538036
-4.075656841307209,6.849597751182948,4.341507981316694
-4.724482185129993,-3.5580826684046887,3.739031118539982
-1.1886905891136728,5.68019396372028,6.844561717473743
-4.89994091731142,4.027829354668589,5.252760349482664
3.8414417147046187,3.5003004611314177,-2.6956598499290054
-3.4929128609209172,5.3276121575318385,7.631154738830995
-2.2975958774741327,-4.141010748670417,2.942086874203135
4.970695970763502,4.065271886953644,-1.0528434678923135
-3.560923626325418,-5.35942703907695,1.2413657116576617
-3.954203887037849,5.013339460688444,6.968368178190788
-10.108173973803009,5.824497136715036,10.558833664649718
3.9355490143012823,3.0266967488038747,-0.5024195373284541
-9.748060064764392,3.3268232523530976,9.092929166891988
-7.11603089989142,6.472373458445841,9.369788016029661
-7.938797681699219,4.494542523934752,10.192715916588618
-5.324974916054579,-4.872615511340818,2.613949534838677
-3.886390593858865,4.001216673234901,7.433751558681749
2.721285200234542,5.29278609764386,-0.4046241429017531
5.285924480806635,5.044972427586722,0.18483072664965516
-3.6684775622632966,5.358608108973156,7.153981032876181
3.709285472604114,4.498237533456284,-0.30851255988023074
-8.632643607119697,3.552554241833862,9.798589377281491
-4.386904214568413,5.315423480461091,7.461764548169808
-3.1399712734544227,7.052227076424082,2.5332076315502863
5.156200910656885,3.523701743492566,-2.586777592188186
-2.615062205969913,3.851006048410725,5.2302346588590165
-1.0263759599484041,4.368781165649392,2.822502267823285
-4.448924713071331,-5.004433684150202,1.2854688517353206
-10.096152655246899,5.060884785629247,9.521948162843904
-1.0008085357217762,6.379182197833894,3.3050477963398803
-7.5571133590850295,2.5851220970826816,11.241834296800295
-2.651038691741938,-4.404190439250649,1.9307916068968298
-9.539135081058882,3.7079477712871487,9.107078963678243
-3.3445583870478965,3.618946014706289,8.545482589250533
-9.740876274414516,3.8010014793407247,7.374490239528463
-1.4751827613873962,4.665762706274007,3.0474154300207075
4.152671894890423,3.793925174188617,-0.8195482856434598
6.583740728258557,4.4994166927530355,-2.0614882850008667
-3.6937284322244874,5.888725075950517,3.840968842164065
5.389882253165736,4.773990028805496,-2.3680511310691106
-4.033016871348343,6.130445477711822,3.605926319465738
-1.6990256605948237,4.4185224476828155,1.5955179375673738
-7.153995477663649,4.187592994231271,10.310350966690732
-2.7082245669618787,-5.886542654357276,2.609952663290892
5.424968207208295,4.990653441003599,-0.07319835673110364
4.177595028450676,4.56863220882469,0.692705433909341
-7.4483943726503785,5.664999622427013,8.797666157573428
-8.475913117127698,5.096990129085165,10.392287346277579
-2.5754568529991615,5.5390246686366496,2.747317204046056
3.067595688870848,2.709397042142771,-0.23377802652726865
-3.5697733319456604,6.9883924631831436,1.7369897979107443
-1.926921131343562,5.962878471755027,3.3425749558956754
-3.3832980893216646,5.5806324344387175,6.3868829586343185
-7.879044046052777,4.791876333162635,10.104992419584438
5.175138430728692,5.030585785328835,-1.0191787969940684
-1.0042558492358205,6.201702374607662,2.349238264285738
-3.356845407977128,6.485352813251335,3.9234545725354764
-1.714038610022216,7.743775022425573,3.9763331285663126
-7.75485345043325,6.768981180022667,10.784242246600371
-3.121751430908832,4.711761586709936,5.971038213232016
-2.1475311741265526,7.99790602040298,1.276703289586716
-2.247901798721193,4.792636653248615,5.848268843252221
-4.9554855515237985,-4.373655802352503,3.814528534057766
-2.2585076031531752,5.854238594825967,3.0183226199096533
-3.9779408358997865,4.462317313904779,8.309676258039906
-8.4952814990002,3.9385391158060195,7.71412549153611
4.228114961820055,4.9861596465510205,-1.0266709806323286
-3.96968230396735,-2.9942706640002745,2.7826115409241283
5.420066034762952,4.7439489608832695,-1.5572071127669127
5.175282252070339,6.096326569086763,-1.537825676794546
6.451234089370267,3.0152337715534916,-1.0360870357283298
-3.334733778947915,-6.03585588949263,2.4897375474400767
-4.623267250646391,7.86758423846063,3.6318066267863447
-8.109505250066132,4.442015917831716,10.276727001966613
-7.930953658477169,5.174103755692962,9.168155587329133
-9.238061874378666,5.210764714597621,9.490755837021467
-3.639991441326716,-3.8769542783832347,4.326393005009146
-8.951261533816286,5.092817703793531,10.442729717834583
-5.974268927560415,4.398516093947135,9.928345306537084
-2.6137823047731668,-5.47026432314667,2.8577259956600667
4.695278818959488,4.300986174009028,-2.1763873513917877
-4.890093960233347,-4.835970668093827,3.566770250946976
-0.9962475338087902,7.4457593704786635,3.0193126449352516
-4.889926379583401,-4.212714988892213,4.793959376605281
-4.687899356959962,4.855386494921175,5.403068171343674
-2.503109109647736,8.06966245077457,3.301886262073051
6.064673390938006,3.5838339019772927,-1.1237514139254252
4.532872438793467,5.262425159756509,-2.5994013752226217
-2.283812597861562,7.079511996288543,5.020312947555813
4.650268443770207,4.234363779683527,-2.993000127665291
3.7253572100630867,5.336469051226022,-1.634159649536237
-7.521223370998579,5.17102290192447,9.976312692436549
4.361998301951903,4.1731414444712165,-3.4130099700640897
3.8976163262171144,4.359861105000395,-0.793467738361783
-4.180530618790625,-6.561908214855687,4.021649421748763
-8.293175807483644,5.232132230101045,9.001512877403453
-8.707273896247036,5.4900106190682125,10.27901989483828
-2.1071789453378584,5.002089940160806,2.887369066065401
-6.496595184318384,-5.52884065677657,3.406781465556113
-2.7251130626351987,5.469774651328221,2.628599000109172
-6.8440298953021435,-4.544889169788245,4.894105052657841
-8.045069892506627,5.113244333526498,8.866049552587874
-1.9502086957755662,6.857920270980138,6.30304156273742
-3.321563493575828,5.320507750026466,7.777522847462694
-2.7131552534704633,4.724630164607592,8.069963355748692
-1.945700500872152,6.3525049019834485,3.0227740696468897
-4.523828959505477,-3.979441536233691,2.5093136593477388
3.794215631893934,4.461080625974363,-2.2637641704131912
4.511775693427743,1.737172138411709,-1.888120094912166
-4.311302833801447,6.1116859206426115,6.250530644635042
-7.976723257025156,5.664384818480609,8.84301295187997
6.723742535871832,4.109445563704303,-2.068347818687237
-4.218372525495206,-4.733645102370626,3.704739607771509
-3.9623511535743736,6.905878672267902,3.323308199643615
-4.266298827654524,-5.330468819029486,4.25416089324581
-4.097530664817695,-4.51343836179326,3.2281303095027014
-3.356435129988221,6.425345728332467,2.8106394929171348
-3.4293137666826,2.7136258025202045,6.396375997648375
-8.368127226049669,4.276746421544445,10.212452581678946
5.865599781910871,3.809482991200859,-0.6842778234023464
-2.3525465185288215,-5.6008991813385585,4.648828540973548
-7.060482656945328,4.699469363055009,8.63245736913155
-8.268914965491154,4.055818314757519,10.426822834058898
-2.666375430930754,-6.116250707829011,3.2304069939097966
-9.729708587157473,3.9779519668999583,10.136816912874268
-2.0885279193720803,-5.773657977801477,4.114244559233595
-3.8672720057528625,5.594643016227189,7.822164261384268
4.934591590810433,3.847668764633538,-0.3446667499886211
-7.116037084550346,3.4652802376337313,11.564811945386198
-7.0360204933484125,5.713870113474906,9.699392008268669
-2.65117700668778,6.771570536381818,2.97118668220035
-7.009926407405576,4.330192190934508,10.698104775438098
-4.337038096456006,7.497136833712511,3.586603620136776
-4.347423531035189,-6.020246747988866,2.7376322005478646
-2.3202399072028532,6.748036172429465,2.2589636697098303
-7.164982389191556,5.100429494129682,9.674561616233081
-3.2151895433235573,4.7583549619921275,6.0359658965884595
-9.776635689082443,3.908578052609246,9.170678846483613
-6.605997962089346,5.13335494541675,12.090381975239534
-8.50921965101168,5.650171815714168,10.629745835558856
-3.564781163499074,6.453419448411845,6.654665611076422
3.716351275546323,4.348703583573613,-1.1559688716490648
-2.6256523169104646,6.325611045509318,3.692949617060961
-2.9655306909651813,-3.489232811732247,2.3507021155669374
5.359192782336697,4.175597390035241,-1.8311479109452649
-4.564517683030487,-5.06068175331335,3.273446038756316
-3.84663589345458,4.477438074420187,7.1014844527032475
6.297218291535632,6.7700068880403945,-1.2436246266643154
3.1747728667016872,4.1904900991278335,-0.07719943482682656
4.5310868753161655,4.881259983718921,-2.4190953488714593
-6.783344866870954,-3.586338797356305,1.390820057342463
3.42601564796922,4.715794222704772,0.018789571084209866
-4.744464453214088,5.950194484901272,7.5093317018252534
-3.288611161558008,-6.303183464717025,3.8777946289093386
-4.0241536590320255,4.872616569562443,5.869785383582636
-7.607854221953098,5.000053414061728,9.915653963229538
-3.869384166722591,5.411316218987655,6.829785272869016
-3.1070289737555004,5.655087169658719,5.120551929756242
-3.622694871073162,-6.103338635640818,2.4219053294370627
-3.490846814631772,3.9861123445185482,7.095772974907725
-7.83907891308761,5.38693440602151,9.489408843335774
-8.30181231234693,4.819397654523683,10.604211753386435
-7.658872209692637,4.752620732044483,9.476124929211206
-3.477599385785976,-4.901545452153608,3.508081891523107
-4.142890505042327,6.559822000821604,6.434643577800292
-2.6419082277445973,5.8156796634014825,6.204458341950171
-7.990517107824453,5.04929315836292,9.568389705455749
-3.335107365105884,5.158089689471377,7.229936850167423
-3.465706002776581,-6.7947102899058,4.136217832326189
-8.278592353620216,4.414894593297144,10.535361693331938
-4.150812880724301,4.851736594621774,7.288619494761188
-2.46993830371799,-4.541516445621404,3.7116569275273386
-3.1772314690534054,5.116954286863236,7.703094764706721
-2.826619527962525,6.418511809237015,3.140440904046372
-3.1327763920706317,5.912418643848779,2.578732944386341
-1.1378685476814074,6.2793400619497906,0.7842683029850628
-4.603006861289984,4.107081988591615,7.456501182413399
-5.445809017287077,-3.376480431400807,3.580219546776073
-3.3242918405770343,5.371266779799589,2.7750058126478
-3.6558002627332646,5.477714664634008,6.553894397403769
3.6065365838676806,4.188595371976864,-2.4877155807762303
-2.244373462844543,7.714154315147054,1.782567086389407
5.040604997378298,3.7052181953772316,-0.760098045341484
3.678704767229857,3.1999796706480987,-2.50624050297383
3.3025152826242827,4.952717451727757,-2.1445671303328386
-3.7212356080710607,6.135619924002125,8.050600462467939
-1.8104673890860348,5.76218215773017,2.660374641028582
-0.7046824474200271,5.9061031391801055,2.290624612658138
-3.830277740928326,-4.013644780022932,1.9578988119692924
-9.012026375683359,5.0853789107018095,9.338753459445567
-4.693897573175046,-5.401792925923654,1.8382582528734717
-2.7310491546169264,4.808919506051983,7.957274219929172
4.256010619852588,4.581093875047422,-0.46315364418567206
-2.548580811299926,6.006217938657383,7.391508720442357
-1.1881355562899285,7.335383193480404,4.380869940662945
-5.011963063922189,-5.5816955444368475,1.8371642356008953
-1.6018742626938804,6.518060816177832,1.672713369463585
-1.1685179056356387,5.951079475726537,2.171764445115111
-4.282765945705971,-2.6371515086229316,3.119806974577308
-3.9601091843962086,5.189844987058573,6.982165807783013
-1.6100737905743865,5.40869055002438,3.240977728894904
-3.6706409243763396,5.48263236913514,6.994734772928902
3.515778525897847,3.676513348914591,-1.000894791550912
-1.7959455133197846,-3.7243807031204152,5.015971467187075
-3.6416363232503413,4.804305624448877,7.658633258900652
-3.1005100489232804,6.0106169686957225,5.531475616100536
-4.009749632854751,4.077795347445327,6.56893616030943
3.8192736878762927,3.2674694549658962,-0.8028726510205486
-4.652844373394567,4.434457163560343,6.920088082431867
4.55086012698668,5.815380745876971,-0.7357452043415714
-4.5926543841872585,-5.382185856228246,1.8221390699788749
-4.598326664257136,-4.722623426736252,2.0267151484797097
-4.235631422621811,5.141790240156888,7.384162659046253
-7.75160864063722,4.650764895029042,10.515756767237718
3.6921908113800797,3.2184278271921922,-2.1365132699208376
-3.70094754424152,5.21039119385046,6.833724087881771
-3.204756316464453,7.513936538951457,2.5258271912001913
6.004825845274345,2.833217634239963,-0.3506483288108665
-8.250832286275948,3.275198122020723,7.591006809387913
-4.219036107123596,4.871243200517997,7.809492666658596
-4.5975372730357495,4.441742198108624,7.572061556333204
-3.95013034095457,4.716543929480509,6.413337720533007
-2.532646343070305,7.751753725538601,4.969243238859894
6.129905669636356,6.902172848903478,-1.6738736107214893
-3.985806160787452,5.7166364212069185,8.013186964524955
2.2717475166081895,5.941259720869605,-1.0788020105715783
-2.986389830932765,-4.719928181772317,4.902278889835916
-1.851581202112671,5.018516090774392,6.475932816143117
-9.031909383391444,5.278626431334755,11.912602012970893
-3.6033721319901755,5.545853998332682,5.775624311407583
-2.644546086617375,-4.555711048804305,2.9400579243350684
5.485401388951049,5.854606852189285,-3.81922317112758
-5.742911940133632,-5.495839019565629,2.242906371182461
-4.238276650015983,-2.5126522710640815,2.7349210021843455
5.162980546097195,5.648645213737115,-1.2936448938008218
-3.810205457607725,4.935360629683291,5.9480040327782655
4.354497216007119,6.07148035885875,-0.4596555843046032
4.110441088766716,3.435442385055438,-0.2564382412903735
-1.908350663111925,7.357576785545777,2.5998847187257734
3.609131131731769,4.852756685217438,-1.575227984883612
-3.326670510944575,-4.544609700584442,3.6220012962224817
-2.1272896940845683,6.7124049382624165,0.6967736362256978
-2.362688124475289,7.687731750228318,3.961483618342875
-4.559498174664541,7.861214350511604,8.80066919799211
-4.230855581024217,5.763153720489153,8.097664061373811
-8.511471950917983,5.001083995037546,10.3917856862565
-7.246345922835313,6.0453731725102955,12.638506151915054
3.4300025649258927,3.1096071803578993,-1.4275843140642674
-3.312174915005564,5.567348811101914,6.494158304731984
-0.13904533621995485,7.384216056951514,1.9441166513088377
-2.8802036259161103,5.017263076623233,9.3611181199252
-9.415629038308404,4.46387366634102,9.665097882941618
-1.7509310300519962,4.044335835273294,5.748714012544603
4.051117685013129,3.6432520888094038,-1.1306698278076943
4.759296700816093,4.674428978633874,-2.4085898789573985
-4.7547309481893985,-5.790748365401932,3.196061347507519
5.009486429959103,4.830540284972193,-0.4328568753663903
-3.1375987262343332,4.982612194299079,7.173549271017646
-8.460407420577003,4.720770456707954,9.166441145810898
-2.423501805282818,6.378904212059711,5.338802712621115
-5.113950267546168,-3.252229094428846,2.491317721040199
-4.03189989258294,5.582423984616112,3.32848661298684
3.619865173852528,2.590917736657257,-0.5696597017235968
4.412746617707174,3.9435363022070993,-3.0783498087698202
5.215356790431333,5.794804799704277,-0.7448202646160232
-3.804651873655558,6.22015044449266,7.91336239384992
-4.02247100259994,-2.485379816433645,3.5204654008833463
4.527897029505182,4.746803943944742,-1.1173516438683364
-0.7821373456096667,6.853190624616161,0.8586600186218458
-3.8248849293708505,3.8743347936481056,5.611533649001425
-5.248223184039611,-3.651263016059885,3.4101859526105045
-3.228081517009148,4.705007249893,5.804844887952294
-4.587180481051725,4.541073600036578,6.683334769356534
-7.570226849801546,6.917161407807893,9.134270026285355
4.131212758355166,4.356774419711186,-2.269932325839524
-2.870492943249808,7.321958507687415,1.8068912694414538
-2.7281308840478147,6.15323130295411,7.142670618129488
-2.47229166011041,6.004959759687676,7.674714698184351
4.540522956490565,4.414374378076694,-0.12061597199283658
-4.024941709565118,6.8825753681507935,6.950479581921335
5.03615562235734,4.380499391931114,0.19426700834921196
5.0899290172969485,4.61824944281668,-1.67327312840119
-3.1794184718350724,-3.8314689560141737,3.865794417144455
-3.5552216288246923,5.714548428766521,7.385447364964396
-8.933698826086136,4.25046321226133,11.046802415540178
-1.7744485327048087,5.366854528309492,6.780609485380551
-1.2925980626422742,7.100855485952886,1.6161366872046583
-3.7904867188986677,8.832915167033901,4.1007543266970075
-3.8094758946486906,6.493533208018042,6.472171183605098
-2.0424840183741644,9.27343358272093,0.1430342623325047
-4.297373578389417,5.776703012031517,7.349173767184315
1.999912974972636,5.006529341201729,0.3319279755072204
-2.5103202346737814,6.709414324394156,1.5646425141188758
-9.280177664411413,6.962736925345669,10.491424017495579
-1.3051195002677582,7.4344223531519855,2.6350110844517762
-2.677805769601192,-2.675345086408228,2.584419663460089
-5.158115131340099,-4.580526735962611,4.2145870050633025
5.240524712361639,4.922106774595665,-0.9936510366580584
-2.3818248543753144,5.535187960950853,3.772608565280296
5.050502291206467,4.127011272095588,-0.47118541214869436
-4.077873163553007,-3.8304905821131814,2.895459016133224
-1.2137923725392386,5.9923310230064635,2.7768262667758137
-2.3232067398399368,-4.300598438540632,3.7707649073156144
-2.4513356283468557,5.854855432254783,2.40261474462369
-3.2850464540969697,6.15291759694227,6.6888028676087945
-8.351537116943975,5.645609491180737,10.012813046948553
-9.229355275374726,6.682494558372556,9.430064520817288
-6.980723384417533,5.018822307364261,9.66065040227933
-3.804639319355494,-6.320414182457783,1.6185592439556973
-2.5894993638270716,-5.094143009307231,2.6118788026954975
-6.499825609133431,4.507406487848717,9.585354315741196
6.462905818668597,4.313987380113678,-1.3096737338200266
-2.2845671515293935,6.462167570534045,6.784004591966271
5.6265486765280865,3.856553019887503,0.45094203548531575
-8.033083262343858,4.696410768371801,10.158381516867827
-1.7043653198204824,6.282082903804235,3.4908298004942586
-5.091223197745686,4.4243458346924,7.045691363867039
-4.445801634993261,6.0821858789994945,1.5655112220577927
6.020164647261984,2.941957389745363,0.909478373252901
-4.489163097272174,-3.3318606190474833,0.03061521069359463
-3.956811492440184,6.979200003372051,6.6600087034737685
-3.9508425416208754,-5.7011237986581,3.167466488150324
5.4218784559692885,4.011852485426693,-1.360994344755318
-2.3441362080600006,3.4694395835636382,1.9436884661382439
3.0751185419046974,4.14412184063855,-2.335072940383008
4.600007331016299,4.068982307851424,-0.8922051099307997
-8.307178271266183,5.7672675868479235,9.853500140758086
-4.108494975480666,-4.153892253923615,3.5090307359392736
5.222208566909565,6.734254450159196,-1.2151647296324135
-9.049501908801105,6.5298444302198515,10.094785899968421
-1.9737305834953274,5.396920927512532,2.846306114801408
-9.22478767533992,4.558424355484069,10.618066171592904
-4.547713207609915,5.131411496160695,7.152030604811618
5.93031308751771,4.173457414130803,-2.346530952047654
-4.072537073324264,-4.221695813762711,5.232097082243051
-2.851253478961003,6.493793211393594,7.481733365467716
-3.44227364040571,4.980001708898868,3.5374507862919486
-2.4821845432699545,6.527365874529079,2.390985798892382
-4.1727115863866135,-3.2850124809623678,4.6512971617351315
-3.6550707005162217,5.51457977133622,6.744642616349192
-4.666568888770787,-3.6410447410196896,3.425729699114622
-9.062755616207653,5.957345176065952,10.918610713479204
4.683490441806502,4.025365969618367,-2.325776529277066
-4.433609835576512,5.959412658343377,8.48133323477673
-2.7754569747337996,-5.563342548919458,3.772270627440066
-4.267718357749778,-4.829377793927652,3.2150184979399987
5.796854317336554,3.430945809475552,-0.7458607288218808
-3.0805548135713927,6.5672936691933055,2.4628526425428703
-7.34131365913581,5.659144573970675,11.220991773555706
-3.2397260734867013,6.486984013974363,1.863969259107792
-8.045961436310607,4.322990230917835,9.715610594098168
-4.115810512545085,4.804670076168642,7.779794967527945
-3.6038954968075987,4.677230203550968,2.424021958019931
-2.0165903975837045,5.234269037489154,2.679136927371783
-3.5221630711082903,5.719415078787825,7.613549515429474
-7.69629292631821,4.342827299472189,9.970019814926696
-1.4217717900533915,6.219766599915704,3.2473927274014023
4.42642481120514,4.189618231640414,-0.8298506458799019
5.572377876467301,5.322469223816412,-2.277357525257049
-2.6049491397900573,7.022112579079146,1.4789131609407853
-3.6416321749999936,5.0245441374361475,6.646627112666695
-7.695972332556308,4.999236445263558,9.236564260306725
-9.58759806462301,6.811766039553524,9.851178926489807
-7.2205888142828165,5.661985491296684,10.800164531609994
-2.9534349642832503,4.91425731008582,7.098106705359655
-1.7202754824871995,-4.661759273283295,3.63022468638786
-0.6972992197427703,6.17679260370441,1.8795923781651251
-2.749485975789178,7.816249784368773,2.3439120581196433
6.358913842085496,3.7943103814933474,-0.0822507183557677
-8.805920726253186,5.931238375771647,10.391634104143245
-1.2702826915357492,5.4015920175129875,3.3412421487386306
-7.707376397517246,4.383179096240838,9.508338680437985
-7.955365188965221,3.963382346401129,10.54371469457458
-2.8612220851968537,7.105080313819621,2.95436378691514
-4.880550451236788,-6.881378526464724,1.8935721131410002
-8.063738794105499,5.633798328399439,10.826161197747265
3.838640195950467,5.771524315701535,-0.10390035171872491
-3.1210099251689973,-4.549372886757989,2.500136343730518
-8.097286844102426,4.222161656410983,9.785463631160985
-3.00809084971997,6.525421127777679,1.6459423048267001
-2.387639989075404,6.384048096381532,1.9085582363988474
-3.813702897622047,-6.360516498074548,2.6517774992780097
5.6825882890255555,4.294726472699097,0.0928657607112433
3.663553910821007,5.27112353648035,-2.5856324261130634
-5.041568930653992,-5.349676585122893,4.474065791113558
-3.5116724137062207,5.640014216550622,5.78126685902562
-3.8356442156527395,4.2781023616602045,7.1098599509621065
-8.420251878895558,6.228642119271037,9.447120578852228
-4.387397068738508,6.662113469961788,5.986841584394783
-8.560495071969417,3.537549194065523,9.959438819897077
-2.2880260576297307,6.0410314614208955,2.216675335230743
4.240852894085374,5.324644722852041,-0.08967699889129599
3.2943670752388066,5.250206327570537,-3.507831645383712
-1.621459368925282,6.286965518001961,2.8791348700880968
3.760114986373937,3.917254959122787,-2.0308501529877665
-7.646575721433375,3.689084632161314,9.580436240294937
-4.763501359077756,-5.104431139930295,3.514672251956659
-2.074323397810347,6.242586048863902,2.5828761118530763
-8.751222969185497,5.893844968989539,9.371212817735334
4.347600771214474,5.47089054374483,-0.6317054289458022
-1.2633589759034136,6.566475591267161,2.6094367097108644
-7.9858736129421235,5.842166750294426,8.371017688794717
-3.645887356303817,6.150962789211238,2.1466668850148043
-8.839010946886848,5.448214045670811,10.459214384121228
-7.069323774840484,6.027686957171305,12.35459215942046
-4.713436601343111,-5.019123117522988,2.990647315167718
-1.6227811167708976,5.497698846539392,1.7623622879796
-2.835431156084974,5.4795581335523345,1.6687588818510373
-6.607553892491208,4.9210722208142395,9.248036674094335
-0.272736936851226,6.216630825051831,4.27020612413301
4.431894816636764,1.9894842681554072,-2.1276492439007444
-4.389599908119812,7.075205954698191,6.516134999001827
-3.260364053553338,6.39784199315416,3.714512649525853
-3.09361844685793,-4.088139998369053,1.8207345198438225
-2.5987157576291633,-3.092907282587378,2.459569133194111
-3.055430736052978,-4.167805941917934,1.6131687932696306
-5.235410077564268,6.363191442748579,5.130818331735532
-5.696315013555143,-4.568500600350254,1.8777433896666333
4.7222538610859415,6.730075144214023,-1.2671095726397463
-1.7404570846742122,5.9415160338437545,6.232553327029239
4.346768624894523,3.6350827035386586,-3.076753820365483
-4.350153085021723,-5.318661369705352,1.6352399665222017
-4.9982108790706095,4.0920792470947225,7.564724978948268
4.700341305541903,4.241949457156442,-1.0894602900290729
-8.61634299653307,5.20841406190429,9.311396096858823
-4.861291175006465,5.605411884737745,5.158554134061326
-2.6822943074799612,4.628030097368324,2.062372598010067
-2.3953228456404063,6.714992320103322,2.1308049613511906
-1.7036702609406518,4.372544822821641,6.196289908728488
4.737672202362116,3.6604157672918767,-1.4145864634032028
6.193557026608449,5.613328246001021,-0.19747362903104615
-2.27481045259141,4.475030154551825,6.539877755430416
-3.753410523935518,4.7132527832948545,7.660325024431761
-2.1139554845343556,3.932795922485287,7.272475677105701
-4.088406679356208,-4.293263864684809,2.4160712827289066
-8.348962424784055,3.974468057623648,8.696620975288052
4.276185512358971,4.421567884777836,-0.4366190983619941
-4.545638447180771,3.8825455195836693,6.75919245094578
-5.121410686016585,-3.8325245024719448,2.821959116884609
-10.181647718003958,6.250720175987546,8.924646065216939
-6.4668716939251265,4.485384687510703,6.793251281991999
-6.693883550546313,5.556552570474869,10.021678289032266
-1.912441750016551,6.205761979180246,2.818738345264021
-2.9694978082931884,5.5279080765110775,3.3745132367980393
-8.233948926119057,4.980810714788679,8.823031420466076
-8.030585324744372,4.420188480357397,10.707080163948051
-3.4922857689058002,4.69159991618012,5.66389043373808
-2.7097507343141123,-3.6655902134426035,3.290020331925909
-2.827562151264414,-7.438766109751585,3.780840576254497
-8.687252076029575,5.198239010373808,10.41809349760181
-3.528835805872372,2.3527834760085042,7.211673107755175
-8.498718534801895,4.799644144388053,11.383148380060279
-3.7773665286739844,-5.131714634306921,2.8185017882667
-8.29021146229543,4.512727573099411,9.913219266475133
-3.0569582355885325,-4.855094103984033,3.6069474836118247
-1.4228720683740412,6.974936513782193,3.44595105058855
-2.7450694887142104,5.201776579911587,4.663373890803595
-8.648133702136732,5.555751339232325,10.048613792970693
-6.870242227654524,6.412272788946806,10.103974945169105
-1.457478728367505,3.3649261436175926,4.973515182622382
-3.5168602334877463,6.442416585930464,2.705472771299498
-3.830488987360096,4.453364605274176,7.207865120464435
4.516728603491808,4.820151774141689,0.745795535903496
5.44005396244893,4.8643921640343075,-1.3442703941699052
-8.054404105201588,3.8386287538371064,9.570637424538656
4.3706326154651425,5.46191617595112,-1.9474529194313526
5.2175510867711665,3.433911212147506,-2.879336101096072
-8.202709610378538,3.9751907798032775,9.839703406237655
-10.238724504649438,7.619968513492815,9.556734045408286
-2.0315726968713665,-1.9939562935534627,4.039031320404116
-3.3347035624521126,-5.248880667841785,4.343714706729415
-6.706176905263205,5.506683347196076,12.219764791824925
-1.8554889541043436,3.6654921316350864,4.995473905365519
-8.36067105758188,6.168227845964324,10.495432623166675
5.214389430820346,3.5390124822021045,-2.5348598976458847
-2.1014844179372734,3.0024686440470516,8.461380247943513
-1.7024411168448021,7.034988165091552,2.0297508396756516
3.1373612146242102,4.386736894108023,-1.2754115397837993
-4.6947147112474585,6.3681592270000955,6.697218232052373
-7.972674679484549,6.014025754986093,9.673552347404362
-2.451809411899611,6.3879231148126685,4.195897136739902
-5.408999935281917,4.820551826684837,7.409142758784553
2.6282973512189325,4.218260127225533,-1.494299539483993
5.774651173522983,5.207242748116842,-2.554497508759357
-6.778947253036119,5.5314499147440594,11.027948045849692
-2.872844604031008,3.8203277628484997,6.542069774114194
-3.614187340938693,-3.506825690621706,2.9220271547621315
-0.5433620952892044,6.4802415124302515,3.4060896596486656
4.4389617740287015,5.989258041136588,-0.44794015759111605
-3.602362313405425,-5.906839384482349,1.5326690956622848
-4.333144447296986,-4.247739892925336,2.771541114306185
-2.002985499400909,7.677263625927829,3.816589383329145
3.0872509549945546,4.703506299945537,0.10396161366860812
-3.6346076466728414,-5.525302945533709,2.060227891509029
3.3391401629766237,3.249857641876676,-1.8139828949575139
-8.608312230538683,6.835792155672945,10.615018401106395
-2.979118876858489,5.031227748708278,5.716905238381122
-3.897317977274119,-4.796559999834848,1.7032039406381156
-5.0515736366013835,4.73144131735426,6.74025601188041
-2.868684217064704,-1.6128201816443575,3.41575337755067
-4.521614878371057,4.697964649014886,2.3814399644541093
4.382551265213591,4.89582823021743,-1.684972145413564
-4.113568522276818,4.717652320626985,6.733931022673544
5.300735152465675,3.26986683397965,-3.3985607632213104
3.1670814778100476,3.876696277890835,-1.6001997010956321
-2.4133246400958965,-6.849832538564999,3.5324491184995486
-2.620728687348943,4.230340618484946,8.753158164870637
-4.236644997196121,-4.1671874299897285,2.911794117383958
-9.91847171597421,5.433115823520367,9.116667524180581
-6.967329879452453,6.266856224787975,10.617470725407951
4.527649692525127,4.85053771011631,0.5678982137720809
5.842540922052686,4.276625696450698,-0.4333332330396559
-2.2464098013070357,6.558073381352809,1.1278694351280145
4.322468811742878,3.166248772927615,-0.3853224764546479
-3.15206155047647,5.148349226700469,5.18040529448471
-7.816014479527837,3.9369101910687503,11.198851003262417
5.991321665974231,6.202394990661247,-1.8775670961877045
-2.8704464674287777,-3.0640411152772105,3.3245826131126797
-8.488496544072065,4.443816205563009,8.665513286239912
-0.9244759320935951,4.13186989241941,2.5728273389814222
-3.2945987618963555,-2.699935813359221,1.8151240788701077
-3.912451661492262,-4.726939873986567,2.4080457282350096
4.897763580279709,4.913314872110853,-0.3557329000249666
-1.2051644563594652,4.620029570427257,2.2404819547326373
-3.127585118554068,-4.841446411089198,3.2110737065783947
-4.129762969622518,-4.353644981095192,3.852945340910674
-7.539612840705756,5.640358825819963,9.106243106080136
-2.094904947120177,5.753156109657906,3.535224812427731
-3.2483204006409814,7.578984986450216,1.5524019154457542
-3.7349568856362696,-5.650373889998685,3.554970244776179
5.771174365418375,4.79254431174859,-0.18599882927731204
-6.741249468979577,5.593598779790769,9.073381862207805
-5.903500474714358,5.963788118524323,9.688164943467823
-8.114647243750408,4.559396133703235,11.257214936379068
-4.687355014639798,7.950953518904515,1.9327474299454894
-9.524277271506977,4.871844502049141,9.7393021809016
-0.9642044801514458,5.372140400037772,3.8291411859797586
-7.151815444131909,4.948756419104543,11.678797490612281
-4.325020021678943,6.422318443514937,2.391122873100898
-5.424257539216902,-3.666613660584976,3.4847098115592097
-3.5550448545202475,-4.88400868800546,3.0356271088125193
-4.474152612801311,5.578485205823039,6.098754159667361
-4.501119559475406,-3.0386174183838532,2.324558980699421
-2.793937418704786,3.863415351288567,5.990649010644399
-3.7356766977593963,-4.820974178963206,4.525319180463721
2.95060259332483,3.3233390920335064,-1.2690882785311028
-7.136989834590877,3.8462505806012786,11.872680542477461
-3.2898005496117175,6.815676575561529,2.287007304878908
-1.7231771195370136,6.509878958812692,3.3995809917729494
-3.7795259704216044,-3.755724783456947,4.668591658239469
-2.018470956278982,-4.158513787649654,1.7285299009980595
-4.866833197301932,-3.803882671373793,2.6018799409193996
-9.17102078086676,4.259127922672318,10.753111237721853
-3.9473372604354533,4.610559816644547,5.640724386385416
3.2916559000596495,4.472402618864248,-1.0302267769943316
3.410155163160259,4.900532162687735,-1.2317399860065392
-3.2409772007906814,5.628989638122126,4.651266217355059
4.538306229520336,5.078742374787595,-1.456012724791721
-2.699290507340442,4.122049255456618,7.247382389349401
-0.44478012667419287,5.769006178787365,3.404672115287301
-3.65997961091496,6.082092367223437,6.25618308509015
-2.5003650630052143,-5.3342084713153435,2.196864371533663
-4.98999386691051,-4.667356206229051,4.712199170178127
-4.193322067780893,-4.989098009810002,2.351532187926625
-8.10012684305768,5.277433781386232,8.988980740130087
4.833785431829878,4.202497714120529,-1.881975691368916
4.409917523290567,4.706432887848891,-1.5211413991689626
-4.619192500083442,6.586421658206772,1.9246290329707194
-1.9560563881441804,3.9439058786004724,7.2753428803049855
4.980759178456958,3.73712533163775,-2.0469563092285057
-2.0508582332884155,8.068734454987583,4.631830052976804
-3.0608644411944237,3.78008216314836,8.244520967512102
-6.2640891073600775,-5.315948268326533,6.157186359853593
7.574307183864688,5.394284036751512,-1.8575198230985484
3.7845582848876855,4.708152652812746,-0.6896715715310201
-2.896957521487071,6.849814431514041,7.23824913267755
-2.444046853777272,5.652197261205439,7.109218720813083
-3.781044286098683,-4.324152635325491,3.355295482944291
-8.43190296512024,3.3159866267049756,11.773622340238836
5.471966635694128,3.557687573969434,-0.4359876599859964
-3.4146999577119472,-4.635215490686878,3.871303654139995
-7.4194070745970775,6.1776771958286325,9.535638724027658
4.424330735152299,5.707427141448452,-3.1298776939447865
-2.1030887048767632,4.213798315371705,8.601557376849428
-9.91880391285181,6.147397637074904,10.91550640916442
-3.7365349957773075,5.593683310503848,7.700844436886516
-2.879210057125527,5.5581624660951965,7.021507038239885
-8.131804110666243,6.4699062337396285,8.41873948504994
-2.876367784436682,-4.577429617497209,2.2091476275783273
-2.338989032769814,6.146194129911832,4.080864831450727
-3.880288057750536,-5.93872341340219,3.105368040148249
-8.60711781362244,5.692380612978565,11.183518136234417
-5.8516174830754455,-4.0135742909377825,2.4011612796370208
2.5945246348804276,5.151835719944052,-0.9530383288757319
-1.8811329204379277,7.3341085221259075,1.4101648827570545
-1.7027698678214702,5.77549199962886,3.942621953095024
4.490895870562233,4.611397330868221,-0.45565027867997376
-1.3218460032778667,6.549596469057386,0.9322889008685262
4.880090809017093,5.141733580654272,-2.6867924863755146
-4.444112658040927,3.188411568116086,7.626149253133384
-3.711919960681438,6.178816210164103,2.5577978238411516
-8.611513509718236,5.5953704552750905,11.37858843996749
-3.6269958997080054,2.8650126906878195,3.0446038272988365
-1.9149292025052238,5.952747958073221,7.424616379616089
-4.145710860182511,-3.4956410476520032,2.1775296300046794
-4.320325038660472,-4.82475670994973,2.579588925585268
-2.377195307492152,4.48050141180332,7.15996956659441
-1.6574024310333535,6.122418690654324,6.937534675721989
-5.4350698386019385,-5.116591595305903,2.8615668015410667
-3.6961123287788413,4.5326085705075405,6.435172829729675
-3.8262196618064905,-5.44300801539901,3.0318128465915573
5.179833213636867,5.063677484897172,-1.884248675534656
-7.354090951275113,2.965057740458119,9.496335339270304
-3.9917113736679997,-5.033496691308138,3.8772105995073725
-9.486715253423386,5.818443084052943,8.161946580377684
-4.2022819640628635,4.212691400083984,9.209279350477635
-3.9365594953958647,3.7085217388474145,6.145601372996279
-6.350968165757767,3.9221157944221545,9.980705484078479
5.155449642286865,4.650019523266389,-3.242553212815479
-4.315980639697506,-4.287721905764976,1.9949246004027792
-4.18699916634614,-5.106737775347798,3.7371111839755633
-2.806637988172306,4.9258107075390045,7.1068398141475
-7.411771242146557,6.537399918504024,10.705649029170369
-3.222791593174752,5.714292799761784,8.002293476955224
-4.307603087866871,5.536563571014777,5.364829649239871
-9.332423953105724,6.236377437190573,10.744956908537684
-4.2544112731439085,5.076427040713849,8.240547319772075
-2.151482744502236,6.3200672393953,4.866594217797061
-8.881428601391601,5.346488497117355,9.773268127050386
-3.228719033904922,6.713244537450431,2.037588912811594
-7.197473900108641,5.726538040052944,9.17207587675358
3.866293485057236,6.2229082165950445,-0.8495086809317813
-2.862434663321454,6.819026385715,2.804589546358543
-1.4554177439518203,-2.764518880444024,3.417437904389379
4.323581881194982,3.931866826949337,-1.6788687595459346
-6.498034746061774,5.431147682391382,9.301362295889094
-8.448954023827385,6.3215106150325076,8.396532959230669
-3.9770368855662377,8.368390117414387,1.3692852917410494
-2.8221706922460865,5.086431602520526,7.111933404403648
4.047620226458281,2.6532446225804724,-2.875604068396206
-4.359014012546896,-4.053237056182337,0.0737308761351465
-9.544702345108039,6.998067694624067,8.458102674472643
-4.0673885207518055,-4.181709919392903,3.1315780328304363
-3.872817518884166,4.278119735940943,2.320275968772983
-1.7309873548995363,6.96185520771749,3.4807785531184052
3.9480762099687743,4.397369436900656,-1.4369588718740955
3.452782695842551,4.714914403294524,-0.9146965024829816
-9.100942847719738,5.28045781190203,7.795950274588385
-4.262808606872945,6.111795487347718,7.681892992422711
4.6410639262051125,3.8460252266903696,1.6241748539295116
-4.475085516065181,5.086193012857474,5.311992967530995
-7.375393650775561,3.9573305776800707,10.054389521938377
-0.621614747375659,5.72607648001416,3.7424827911965597
5.747217051326367,6.340294081010083,-0.44804184413660486
-2.180023540544708,6.768856886914556,4.620297594920867
-2.7461918358553468,5.237089937988278,4.34009127141729
-7.612218317643244,5.302523362756357,10.573029665731507
-6.563239077923688,4.214837910457016,10.643167092449515
4.133851951172671,5.794461267064055,-0.6865173154942515
-1.9565319218206043,7.169085598705849,2.047995164035119
-9.140135342111623,4.816830726150113,9.392409731207934
-2.8505596003932605,7.396049597990582,2.4414451749767965
5.245887595566915,4.0098755759509705,-1.0051402248237231
-2.5087232854500234,-3.0541681774409644,2.564539356605425
-4.740709842452521,6.543597767638466,3.692064418062173
-1.530957619533219,7.870311296466989,2.3071693111959926
4.465883385152753,3.6065055693980836,-1.1641617660917327
-8.343634771119817,3.9713500694734236,9.645430897452664
-7.734005732097444,4.147173108721246,8.961122041057575
-2.7056014878663928,-3.3190555815234877,3.5279467700319693
-3.0596610852455393,6.083195369441832,7.8844749580876075
-1.7261343356537355,5.815309018130789,7.58746586907239
-2.159662788872093,4.24845488541558,6.2221823393649185
-2.418872073149566,6.643035793640113,4.760963758632304
3.7116776900777606,3.82174151108763,-0.3184693531686229
-3.7031998639368737,6.374029713981719,2.7957613916383743
-2.052034605142553,4.58582005348014,5.686631238910529
3.837153644237616,3.869373477690249,-1.235982817370973
4.159297693132086,4.808449614437028,-1.2697767731393965
-2.751226417136121,-3.617634313194119,3.458643521641305
-4.64373332075,-4.614368049927835,4.5646575109824274
-3.8940207667231577,-4.246275332115962,3.9557269688812084
-4.361470420568084,3.743670344551278,4.4969902878409975
-3.1355277099793515,6.121923600013611,1.920550811550178
4.940017772823196,4.046340731654298,-0.9487293029779531
-8.410574925406184,4.294161152469648,9.596047194963962
-2.513274365151572,6.079507769161819,2.3760799732324833
-7.695802090992516,4.374498406092141,8.94271487492175
-2.5703426507323304,-5.422675037609252,3.2712334866055572
-8.912225599219655,6.1040697591243,10.681218356085916
-2.0746783356601304,3.639386744877145,2.4700550166588298
5.844110215223836,4.514454398324356,-1.9991306544209557
-3.8241483247873496,-5.677052403127367,2.3618431309493175
5.454586432165975,4.173218442854088,0.2404013893775001
-2.208912701298911,3.248044568758713,7.318722673970532
3.6341112340227166,4.403277859206128,-1.0421630114609297
-8.4302589903088,5.893485769570234,9.514341714237224
-7.508285995064325,5.174038417393383,10.66848673779328
-4.085440573075081,-3.6500588902343596,3.125730139010214
-3.9315262977001533,-6.907408133266947,3.420358765968218
-7.888873283264783,4.643198561010404,9.417488669426218
-4.194165158671249,5.290406436112577,5.93057074618347
-3.18803804244208,-1.874754994971994,1.5942752215272777
-8.652178795205094,5.648938413074221,8.98028059476637
-1.3782781402918163,4.577761853425157,5.994046133625967
-3.128967815592182,-5.825599234350298,2.975240909394954
-4.162142381853463,3.883770858034577,6.723856890767622
-3.3005380855546065,-3.9154821903721126,3.3953929202645634
-4.1111476088735515,4.696392105965431,7.777643642357657
-2.355833262200588,6.471167115829862,2.899049788195571
4.622856107762516,6.677155245154091,-0.7338054946536487
5.649584439488729,4.8787647455052765,-2.3922639719508987
-0.6619843498361744,6.018804720933606,3.454466827731475
