-4.27018,-2.8154,2.98183,1
-3.11758,-1.81602,2.5719,1
-1.17859,6.38519,-5.3859,2
-9.41628,0.928116,-0.186307,3
-2.45353,5.05274,-5.39466,2
-2.95396,0.10534,1.00426,0
-10.1178,1.90759,1.60209,3
-1.29129,5.28996,-4.74553,2
-3.00574,-1.27658,0.872201,0
-9.60031,2.49632,0.00469542,3
-2.03393,5.29947,8.41796,4
-9.73237,4.84948,-5.01479,3
-10.0234,1.08167,-0.0284852,3
-1.97789,6.88829,-5.9796,2
-4.29058,5.72126,-6.01156,2
-9.43568,3.45356,-0.196855,3
-1.54697,4.44348,9.86506,4
-0.4311,8.14965,7.9957,4
-10.1133,0.73587,0.609544,3
-3.1551,5.31143,-3.09886,2
-10.6247,5.92587,-3.42299,3
-1.27445,7.30906,9.1442,4
-2.50011,-2.82353,3.85398,1
-1.43244,-1.27275,1.77226,0
-3.36886,-3.19834,1.12528,1
-9.72558,-0.314635,0.517822,3
-9.08436,6.01065,-4.88035,3
-8.09645,4.50282,-6.36058,3
-9.64094,7.68154,-4.46843,3
-4.71321,-2.64944,1.56727,1
-3.26478,-0.0384265,3.80915,0
-3.48435,-0.0285683,3.35571,0
-10.3307,-0.770033,1.07876,3
-8.17187,3.88651,-3.66156,3
-9.33338,6.26438,-2.87414,3
-10.3528,4.85259,-3.7421,3
-3.23044,-0.911819,3.20377,0
-3.75585,-2.72719,3.10668,1
-1.88107,6.43398,8.02915,4
-12.0294,2.16855,1.24862,3
-9.5348,4.53554,-2.70006,3
-3.3227,6.03815,8.89546,4
-1.24221,6.33668,9.00948,4
-10.3395,1.11706,1.55571,3
-9.23437,5.10747,-5.35822,3
-2.81116,0.55547,3.2839,0
-1.74585,3.87694,-5.20379,2
-2.42823,5.46953,11.4552,4
-9.99397,1.27354,0.324327,3
-4.9055,-1.77678,1.27581,1
-1.66982,4.75769,-4.23017,2
-9.85711,4.31445,-3.5219,3
-9.33157,4.84694,-5.75476,3
-11.2772,1.76592,-0.460376,3
-11.0085,4.33545,-5.13546,3
-10.0416,6.40662,-4.66889,3
-9.6049,2.361,-1.52799,3
-2.28882,5.00705,-2.43152,2
-11.6172,1.49946,-1.81739,3
-0.534946,5.93594,-4.63104,2
-10.1531,3.26465,-4.43653,3
-1.73629,5.84566,10.1755,4
-2.59075,-2.83894,3.93432,1
-3.38324,0.542473,0.900898,0
-4.04552,-3.24894,2.20853,1
-1.22709,6.31933,-5.04868,2
-3.48646,-0.00619229,3.6555,0
-8.64766,2.26379,-0.542463,3
-9.43608,2.16802,1.56783,3
-9.29074,3.67908,-2.25415,3
-9.0007,5.03707,-4.51408,3
-1.242,6.00121,-4.7659,2
-3.01021,-1.79974,2.43025,1
-2.92621,4.22616,-5.66209,2
-3.83323,-0.66674,1.92023,0
-4.44566,-1.44921,2.10533,1
-1.98518,-0.795462,3.44014,0
-0.713656,4.32736,-4.51106,2
-2.74833,-2.08698,2.3371,1
-9.66485,4.94499,-3.48364,3
-9.64377,4.62235,-3.63139,3
-0.515132,6.78076,8.9703,4
-3.98957,-2.18183,1.68007,1
-8.44383,5.18654,-3.58554,3
-2.01623,-0.552219,3.9809,0
-10.9075,3.06704,-0.919999,3
-1.56119,5.27578,9.26999,4
-3.00095,-3.02874,1.5818,1
0.160694,6.34589,9.41486,4
-2.71211,5.56922,10.0944,4
0.191087,5.22691,-4.90268,2
-2.55182,8.0575,9.15475,4
-1.51218,5.0973,8.19725,4
0.554979,4.8773,-4.24579,2
-10.7751,2.34318,-0.00621758,3
-9.57127,2.74419,-0.938873,3
-2.80587,-0.797519,3.33244,0
-7.91419,1.08208,0.152961,3
-9.2069,6.33622,-3.6309,3
-1.86799,5.78898,-4.31171,2
-9.91591,3.05006,-0.146469,3
-10.5911,6.71256,-4.14876,3
-10.0741,1.41815,-0.36437,3
-5.096,-2.03251,2.77645,1
-9.88359,4.6249,-4.13351,3
-1.80396,6.8567,8.96472,4
-1.23807,0.0935372,4.65854,0
0.3774,5.74195,8.50071,4
-0.574393,4.55994,9.34809,4
-3.09577,-0.673141,2.21543,0
-9.1857,3.88411,1.11533,3
-8.56743,2.67094,-1.06817,3
-1.98872,6.10361,7.00401,4
-2.06452,-2.82486,1.45185,1
-2.77098,-1.4115,2.20375,0
-9.98177,1.83206,0.840664,3
-10.095,5.51512,-4.95302,3
-1.64792,-1.12013,3.92405,0
-10.4008,2.87951,-0.787224,3
-2.11804,-0.736849,5.20771,0
-8.09426,2.87266,-0.616809,3
-3.37596,-0.850196,1.70335,0
-11.3064,2.26156,0.89047,3
-9.78086,0.40198,-0.156578,3
-3.36816,-0.971603,1.37419,0
-1.75663,4.15925,-4.23537,2
-2.34346,3.58522,-3.93728,2
-2.01062,3.43893,-2.95469,2
-8.87006,3.61907,-1.43609,3
-1.87716,6.27694,7.59917,4
-2.79597,5.3312,8.74846,4
-10.8163,2.01852,2.06804,3
-1.62536,-1.27644,3.81453,0
-9.64134,2.37967,0.392656,3
-8.91282,1.35258,1.45105,3
-2.84452,6.35218,10.3531,4
-0.499516,5.09224,-2.84222,2
-1.46242,3.42823,-4.36014,2
-9.66572,3.40556,-3.46873,3
-1.67075,5.25396,9.32544,4
-8.88426,4.19629,-4.57323,3
-1.42442,6.62847,7.92568,4
-1.28145,4.82193,-5.17324,2
-2.23503,5.50576,-5.23394,2
-3.58147,4.7759,-2.69284,2
-2.149,3.56058,-5.26091,2
-3.30211,-3.59324,4.09543,1
-9.35214,5.81994,-3.63519,3
-7.97807,5.34943,-3.65756,3
-10.17,3.23099,1.21524,3
-2.45817,6.6771,11.0059,4
-3.12595,-0.940488,1.60703,0
-8.28504,1.98275,-0.623913,3
-2.81809,3.00657,-5.90928,2
-3.05342,6.73044,8.7811,4
-9.45941,3.38883,-4.09324,3
-11.2423,1.91383,0.798687,3
-1.58639,4.90879,9.43954,4
-1.75955,3.97404,-2.85745,2
-10.1386,3.94107,1.42492,3
-4.66257,-0.709935,4.4029,1
-2.53757,5.31503,-4.32475,2
-8.21571,4.06545,-4.71357,3
-9.9194,5.45368,-4.25894,3
-2.24925,-0.327983,4.08335,0
-8.22855,1.996,-0.761756,3
-10.3499,5.43541,-5.44774,3
-11.3468,5.01054,-3.01162,3
-3.04472,-1.16431,3.74566,0
-9.17787,2.19692,1.58298,3
-9.11369,4.79945,-4.04701,3
-9.19855,3.8624,1.66278,3
-1.71225,6.56598,9.9138,4
-8.40331,4.3983,-5.54795,3
-4.07679,0.490251,2.06309,0
-2.05445,-0.660142,2.57225,0
-2.84169,5.48123,8.66637,4
-1.01389,-1.27471,2.02301,0
-10.4147,1.54543,-0.248312,3
-1.83191,7.48296,-5.2459,2
-8.81225,4.5828,-5.447,3
-9.3601,5.17741,-3.31011,3
-10.1959,2.72115,-0.0599483,3
-1.89873,4.77489,-6.75031,2
-3.57263,4.09441,-4.16236,2
-1.66985,5.68031,9.73182,4
-2.63469,5.7935,-4.28236,2
-1.12217,6.24289,9.282,4
-2.4169,5.94596,-6.30077,2
-1.345,3.96823,-5.09418,2
-8.48088,5.35003,-2.93551,3
-1.90186,6.99592,8.9436,4
-4.20327,-1.44837,2.7292,1
-9.07304,5.604,-4.92397,3
-2.30544,5.77959,8.5086,4
-5.10609,-1.53948,4.4653,1
-4.16046,-1.56121,3.53681,1
-0.721034,6.12352,7.58334,4
-8.84752,7.01354,-4.50238,3
-2.11203,5.54546,7.40996,4
-3.9968,0.942389,2.4207,0
-11.0314,3.5471,-3.65866,3
-1.88696,6.16523,7.91082,4
-2.9529,-0.305821,3.25346,0
-1.56891,6.57637,8.0406,4
-4.69183,-2.14696,4.47961,1
-2.41205,-0.711894,2.11438,0
-9.59454,1.39094,0.10162,3
-10.5656,2.78794,2.15958,3
-8.84598,6.12409,-3.71279,3
-2.86036,4.398,-3.86153,2
-4.39665,-2.34575,2.92922,1
-9.14595,4.43052,-4.94962,3
-8.8196,4.62965,-3.0124,3
-2.18255,5.11046,-3.66073,2
-8.67742,2.28433,-0.176571,3
-0.540048,6.43451,8.8282,4
-3.08939,7.81912,9.5143,4
-1.95411,3.86826,-5.24213,2
-2.87069,-0.400413,2.26032,0
-2.88296,0.389296,1.2174,0
-0.19878,6.60487,9.76183,4
-1.86697,4.68827,-5.7632,2
-9.14128,5.048,-3.50449,3
-1.79166,5.97312,-3.50188,2
-2.01892,-1.12515,3.45031,0
-10.9449,5.31586,-3.31741,3
-4.17682,0.851428,1.84359,0
-7.60165,6.69533,-3.5596,3
-8.95266,4.63785,-4.70886,3
-1.05225,-1.93757,0.635277,0
-1.46893,-1.33789,1.76551,0
-3.27702,5.15265,10.5599,4
-9.2589,1.45012,-1.04016,3
-1.38023,4.91875,-2.35351,2
-9.86332,1.54043,1.07738,3
-1.03887,5.44947,10.1011,4
-1.35144,-0.786973,2.6455,0
-2.47178,6.24589,7.86155,4
-4.62694,-0.0739748,1.97924,0
-10.6121,4.56208,-1.64093,3
-10.4257,0.249971,0.645244,3
-2.17637,-1.43099,3.14344,0
-7.40661,3.10105,0.390874,3
-3.15626,-0.375816,4.09056,0
-9.26402,6.4606,-4.08122,3
-2.12618,5.89762,-5.69706,2
-1.54034,3.14922,-4.6214,2
-9.19608,2.33975,-0.082572,3
-3.02721,5.24161,-5.10031,2
-9.28399,2.99182,1.33149,3
-0.770081,5.42977,-4.86951,2
-5.60769,-2.56113,3.95251,1
-2.7825,-1.54176,2.28679,0
-1.74936,6.1334,9.52273,4
-10.3539,6.22004,-2.73897,3
-8.48884,2.41072,0.715513,3
-2.5848,5.73896,9.3072,4
-11.0903,2.7261,-0.0391597,3
-1.26928,-1.43154,5.12687,0
-8.24325,2.25327,1.78478,3
-3.48018,-0.0273286,1.89185,0
-1.61041,-2.16543,1.39607,0
-1.78216,0.395185,3.15315,0
-8.69302,6.42444,-4.48723,3
-3.21158,4.39364,-4.54107,2
-3.3452,-2.79744,2.94151,1
-3.34393,-1.52346,3.1339,1
-10.8592,4.39712,-5.16431,3
-2.70474,-0.720176,3.27175,0
-1.4721,-3.20887,2.90228,1
-8.70345,4.54621,-5.61598,3
-9.27199,4.49038,-4.79027,3
-10.2319,5.26036,-3.89692,3
-9.29683,4.37449,-3.90498,3
-1.69161,6.12626,-5.79735,2
-8.93401,6.34303,-3.23265,3
-8.90206,0.988311,-1.01739,3
-9.8322,0.461222,0.429849,3
-2.42914,3.91544,8.69176,4
-2.11319,-0.181017,2.72913,0
-9.06035,1.61701,2.15838,3
-10.4307,5.00436,-3.24124,3
-1.38076,6.25594,9.15512,4
-10.5677,2.71452,-0.735404,3
-9.64525,4.59428,-4.19983,3
-0.916379,4.69281,9.0512,4
-3.03012,5.41256,-3.27378,2
-1.48714,5.28702,9.74054,4
-9.41434,1.75669,-0.247675,3
-2.51683,0.284712,3.07676,0
-2.71945,-0.992921,4.04722,0
-10.9636,3.12556,-2.54964,3
-2.90517,6.00225,9.50519,4
-2.91492,-0.771987,0.234094,0
-3.23144,6.98416,8.01052,4
-0.906109,6.17147,-2.38726,2
-1.17489,6.71052,9.99365,4
-10.4826,2.42079,-1.93017,3
-2.99974,5.79741,-5.09659,2
-4.21458,-2.45267,4.34812,1
-3.61299,-1.24402,3.05039,1
-9.84064,5.80663,-2.90707,3
-2.06293,-1.1212,3.6401,0
-1.48017,6.04734,-4.92719,2
-1.05937,4.49209,-3.50554,2
-9.8427,2.45499,0.472061,3
-4.10271,-1.34065,2.92778,1
-2.56211,-1.63852,2.75542,0
-2.83337,-0.169855,3.41358,0
-0.670733,6.34127,8.90639,4
-1.47879,6.62564,6.68098,4
-2.86776,7.09077,-4.97024,2
-0.851799,4.4944,-4.27947,2
-2.52001,4.69054,8.4197,4
-2.02812,6.29986,9.38788,4
-3.47455,-1.5963,3.8055,1
-11.0888,6.43411,-3.84913,3
-10.3125,1.64167,2.04032,3
-3.24706,-0.708164,3.5356,0
-8.66468,2.36978,0.535598,3
-1.56357,7.32095,10.2025,4
-2.40928,6.10849,9.21868,4
-11.7055,1.83227,-0.05517,3
-9.41982,0.479953,0.395962,3
-9.20002,1.61053,-0.582063,3
-10.7592,5.46254,-4.39341,3
-1.74679,-1.76493,2.85161,0
-2.49385,4.4661,8.97159,4
-11.64,2.12819,-4.10046,3
-8.54109,3.33137,-3.24161,3
-11.0042,0.798139,1.56122,3
-10.3984,6.1279,-5.28157,3
-2.63327,4.96797,-3.93554,2
-3.35164,5.72574,-5.57763,2
-0.765622,3.99761,9.86296,4
-3.32939,-0.623472,3.14658,0
-10.7825,3.76177,0.644757,3
-0.134057,6.41733,8.31327,4
-1.97739,0.497733,2.28233,0
-9.32695,3.04638,2.0558,3
-9.55574,3.80719,-4.55102,3
-1.96993,4.93717,9.87751,4
-10.1792,2.16641,-0.126006,3
-0.964408,5.03706,-5.04248,2
-10.0777,3.91241,-2.24195,3
-1.68012,-1.34866,3.2513,0
-10.5551,2.96071,-6.30227,3
-2.43049,5.96043,-4.09032,2
-2.83626,3.72889,-5.88228,2
-1.65151,5.25695,-5.43742,2
-8.98527,5.08389,-4.78069,3
-2.05884,6.02227,9.81743,4
-0.850042,2.91056,7.05036,4
-9.6558,3.95818,-3.65707,3
-11.1394,5.3309,-4.18492,3
-8.28222,2.4812,2.04461,3
-9.55113,5.45687,-3.90641,3
-10.4902,1.39685,0.335773,3
-9.16738,5.05484,-5.24004,3
-1.35552,4.8178,-5.47243,2
-3.43496,5.67949,-5.11418,2
-10.3135,1.57216,0.948312,3
-3.22313,5.54568,-6.02121,2
-7.68353,1.52001,-5.35182,3
-3.38793,-0.899846,3.3726,0
-1.26825,5.97124,10.4928,4
-2.48006,6.61139,9.45264,4
-2.8278,3.08328,-5.45075,2
-2.74893,-0.788363,3.4773,0
-10.7927,2.47213,-0.0445109,3
-10.6754,0.804405,2.43406,3
-9.27643,1.51982,-0.0485349,3
-2.53386,5.80244,7.62484,4
-9.46454,0.903576,1.07552,3
-8.49109,4.99484,-3.81413,3
-9.72796,3.54183,0.676584,3
-1.99346,6.68802,10.321,4
-11.1289,2.18089,-0.334941,3
-1.03098,5.49293,-4.71631,2
-1.94251,4.60292,-5.27653,2
-1.36952,5.31697,9.12874,4
-11.545,0.169033,-0.961965,3
0.422061,6.834,-4.50645,2
-9.0513,4.9593,-2.32878,3
-8.61427,1.47298,-2.67974,3
-10.1613,1.98625,0.0894708,3
-1.51827,5.34674,7.57085,4
-3.33447,-0.0716032,1.96766,0
-9.0076,4.69312,-4.69873,3
-9.97304,5.97093,-4.04927,3
-10.1395,6.72012,-3.84259,3
-10.9467,2.90304,-3.35231,3
-2.79067,4.73287,-4.03393,2
-2.49697,-0.466493,3.95479,0
-3.18278,-0.120994,3.31951,0
-7.0777,1.3125,0.562571,3
-2.53925,-1.21807,2.01392,0
-8.90259,3.0225,-3.1573,3
-10.6667,1.63588,-0.0577991,3
-10.2992,1.50196,1.03621,3
-3.34598,-2.48014,2.41321,1
-2.15139,5.68263,9.37319,4
-2.69957,0.837597,3.85459,0
-2.63392,-1.19808,2.24271,0
-2.26105,-0.993151,3.36856,0
-2.46162,-1.46654,3.70324,0
-2.22377,-0.739228,3.04552,0
-4.05912,4.33093,-4.22432,2
-1.51191,6.38759,9.72471,4
-0.625954,4.43267,8.44536,4
-10.1561,2.21491,0.0907013,3
-0.797309,3.75367,-5.60257,2
-1.48478,5.01746,-3.14639,2
-3.66853,-3.04569,1.57622,1
-1.82969,3.71083,10.7347,4
-2.96611,-1.75542,2.99645,1
-9.59652,1.7533,-2.15964,3
-10.6943,1.93832,-1.34878,3
-8.52413,1.75783,0.148658,3
-1.86849,4.96025,-5.63375,2
-2.31363,6.96983,10.2714,4
-2.1924,-0.631683,4.48024,0
-1.37254,6.49207,-4.73273,2
-9.9989,1.31825,-0.405736,3
-2.11634,4.68357,-4.94975,2
-0.382133,4.70629,-3.9832,2
-1.0863,4.63067,11.2638,4
-1.62933,6.34656,10.5816,4
-3.27994,3.65709,-4.6081,2
-10.1964,4.25454,-3.55063,3
-8.64546,3.553,-6.36839,3
-10.124,4.279,-3.64182,3
-1.42548,0.0859618,1.44444,0
-8.67325,1.86321,0.870706,3
-10.8984,2.67658,-1.12751,3
-1.94362,4.20487,-3.92718,2
-4.05499,-1.07232,4.61325,1
-1.65073,3.56608,-4.27788,2
-2.31427,5.56549,9.86685,4
-11.575,4.82924,-3.09797,3
-8.83655,0.6113,-1.13662,3
-10.0321,3.64139,-3.44769,3
-2.63632,5.71324,-4.57389,2
-2.68717,5.46179,10.2592,4
-10.1191,2.79608,-1.78175,3
-1.77894,1.16092,1.69523,0
-2.03183,7.20006,7.57918,4
-2.5975,3.60799,7.55654,4
-2.15803,7.06538,7.91929,4
-1.7292,5.46065,8.10773,4
-3.14881,5.1147,9.6944,4
-1.4129,-1.32718,3.74695,0
-10.2124,0.128907,-0.726109,3
-7.7207,3.9164,2.68804,3
-10.4896,0.233467,0.202268,3
-2.28922,6.00459,-6.454,2
-1.24395,7.01991,10.7544,4
-9.71276,2.4909,-0.412981,3
-2.61467,4.88685,6.45196,4
-8.85508,4.24316,-5.10173,3
-3.10785,4.30801,-4.42718,2
-11.2181,3.27859,-0.180393,3
-2.47815,5.80321,9.75362,4
-9.84097,4.3849,-2.69131,3
-1.24856,7.12963,8.55129,4
-9.61258,3.09405,0.0981196,3
-7.42893,1.68859,1.11179,3
-11.0014,1.68773,-0.848644,3
-9.2917,1.26994,1.08917,3
-2.12429,5.5771,9.74999,4
-2.30846,-1.35814,2.716,0
-10.4417,3.3592,-3.41736,3
-1.74401,5.19871,-4.70139,2
-10.6993,4.18642,1.94974,3
-2.89493,5.74409,-4.73766,2
-1.72225,4.57629,-3.82745,2
-10.8654,5.16904,-2.55995,3
-9.01001,5.93509,-3.90495,3
-9.94959,0.444865,0.519654,3
-0.881955,5.46408,7.46445,4
-2.24635,4.20317,-2.93256,2
-1.76948,4.14215,8.98552,4
-9.35867,3.91299,-6.02883,3
-2.66016,-0.553012,1.61988,0
-9.66738,3.66363,-4.91382,3
-1.40785,5.93202,8.33398,4
-4.59508,-2.59666,3.37901,1
-2.32026,4.69016,-3.30855,2
-9.79471,4.26894,-3.21517,3
-8.47675,3.41697,2.58345,3
-1.852,6.57337,8.09382,4
-2.27737,5.68281,9.64432,4
-10.5295,5.81481,-3.73016,3
-4.22247,-3.06626,2.23233,1
-0.00036807,6.3546,9.29502,4
-1.7484,5.86961,-5.40665,2
-0.972036,6.34261,9.63938,4
-1.05819,6.17084,9.47372,4
-2.23321,-2.49145,3.12382,1
-8.70258,1.35074,1.02266,3
-3.71345,-0.809298,1.78525,0
-10.2185,3.00486,-1.47921,3
-3.02337,-1.50297,1.42313,0
-2.87796,-2.42389,3.10348,1
-1.34937,6.48985,9.77664,4
-10.1857,4.00403,-4.32349,3
-0.881392,4.45404,-3.64137,2
-7.86234,3.32642,0.260687,3
-2.56791,4.72452,-4.97089,2
-8.53086,0.488827,0.327122,3
-1.55746,6.33676,9.41367,4
-1.78522,5.87747,-3.49596,2
-2.53368,7.36801,10.5196,4
-2.4211,6.27492,-4.97753,2
-3.93501,6.7943,8.98912,4
-9.00089,-0.86463,1.77658,3
-3.36024,5.57545,-5.39709,2
-2.87693,4.62566,-4.58631,2
-1.29531,4.812,-5.07956,2
-9.41682,2.49331,-0.434662,3
-1.86846,4.90044,9.65935,4
-8.17545,4.87021,-3.91849,3
-2.77426,-1.88401,2.9807,1
-0.924079,5.41581,8.25345,4
-2.32383,-0.857561,2.27597,0
-2.57635,6.59159,8.42875,4
-0.786018,5.09903,6.85997,4
-10.5915,6.00127,-5.10438,3
-10.3438,5.53662,-4.62358,3
-10.085,1.34474,-2.19126,3
-2.82902,0.746947,3.05299,0
-2.17296,4.95155,-5.31594,2
-3.78317,6.02562,-4.96956,2
-9.22169,3.689,0.700491,3
-1.68657,5.52973,9.74943,4
-8.98443,5.60492,-2.25311,3
-1.93631,5.2598,-5.29473,2
-1.07335,4.97313,-5.85432,2
-1.83111,6.37401,-5.04078,2
-7.45813,2.11487,0.534865,3
-0.572993,6.5963,10.3125,4
-7.89971,6.37844,-2.10782,3
-2.21015,5.00727,-5.74479,2
-10.4031,4.9622,-2.41799,3
-5.09681,5.41228,-7.05113,2
-10.4306,4.5792,-3.46946,3
-1.35997,4.82018,-3.82903,2
-9.99444,5.49224,-4.12076,3
-0.191455,4.31116,9.0633,4
-2.39539,4.63573,-6.07275,2
-1.93435,3.53649,-4.24703,2
-2.80561,4.6027,10.518,4
-2.0855,5.34731,-5.25931,2
-11.5469,3.22929,-4.29417,3
-9.94064,4.72711,-3.75594,3
-2.07159,7.05762,9.29054,4
-1.74571,5.34347,7.51044,4
-4.41631,-1.69147,2.47964,1
-10.1907,2.47129,-0.263208,3
-2.29106,-0.829491,3.48113,0
-9.11173,3.43168,-3.55838,3
-9.42801,1.82561,-0.886897,3
-8.80127,0.0726235,-0.440026,3
-8.59552,2.89462,0.822553,3
-9.79293,4.80091,-2.36243,3
-4.33387,0.363377,2.42181,0
-10.3325,6.27349,-3.19399,3
-8.41595,6.72548,-3.9513,3
-1.21516,5.81696,-4.15053,2
-1.33915,4.86754,8.27889,4
-2.83017,-0.571101,2.28791,0
-10.0633,1.41895,2.01699,3
-1.20036,4.00296,8.00371,4
-9.54199,1.21355,-0.588825,3
-10.543,5.50433,-3.89155,3
-2.07523,-3.82956,1.44115,1
-0.784647,5.80707,-3.51507,2
-0.640349,6.42628,9.59098,4
-13.4017,0.925077,0.36475,3
-9.35916,1.43206,1.2085,3
-0.149991,4.13612,-4.25593,2
-1.74273,4.58279,-3.49443,2
-7.34451,2.9029,1.36813,3
-9.62389,2.9252,1.43481,3
-0.623437,5.18396,9.68837,4
-11.1211,4.39451,-5.50666,3
-9.43471,5.60749,-2.30396,3
-3.08069,0.122585,3.81168,0
-8.76108,4.21357,-3.69439,3
-10.2754,2.35775,-0.627319,3
-10.609,4.31328,-3.59731,3
-10.1,3.61902,-2.13273,3
0.218775,5.08211,-4.06938,2
-8.99991,3.61641,-3.60143,3
-10.3666,5.25111,-2.65754,3
-1.99619,3.7837,-5.96483,2
-10.7918,2.75541,2.37219,3
-11.0819,4.38692,-3.23251,3
-1.46315,5.4741,7.67944,4
-10.0465,1.50636,1.37667,3
-2.18606,-1.25897,2.95047,0
-9.37985,5.43256,-2.59794,3
-1.31561,6.0063,7.65286,4
-0.843445,6.93356,7.85543,4
0.67703,4.38621,8.6396,4
-1.58837,5.8743,11.5197,4
-1.22763,4.23869,-3.77167,2
-2.13298,6.65406,10.563,4
-10.2235,7.06722,-4.10337,3
-9.45269,2.65167,3.27034,3
-0.736553,5.03546,9.04891,4
-1.19508,5.54868,7.57733,4
-8.22505,2.58773,1.03434,3
-2.45682,4.00389,-5.75597,2
-2.90249,2.94114,-4.58987,2
-9.68439,5.1384,-3.81424,3
-0.344806,5.09609,9.68902,4
-3.11648,-0.0408392,2.42698,0
-9.87985,4.12604,-3.90052,3
-1.39233,5.93132,-4.37214,2
-9.14806,6.10931,-3.65182,3
-2.61714,5.34177,-5.39156,2
-1.78201,-1.73235,3.62154,0
-9.2939,3.99043,-4.66548,3
0.389491,6.91012,-4.43516,2
-3.71516,6.17153,8.6244,4
-0.865422,5.1777,8.89466,4
-2.60551,-1.6811,2.35668,0
-1.24622,4.44851,11.3472,4
-3.32106,-0.517016,3.11021,0
-2.01757,5.76127,8.6438,4
-0.940689,6.35962,9.16611,4
-3.05528,-2.8928,2.22432,1
-10.3327,4.43967,-3.182,3
-2.94129,4.35853,-4.56032,2
-2.7524,6.87927,9.71666,4
-0.737586,4.80853,-7.01696,2
-10.0961,3.14776,1.33867,3
-9.87905,4.44457,-4.14918,3
-10.4275,1.18981,0.473398,3
-10.7746,3.99372,-5.25262,3
-10.6608,4.47535,-2.4033,3
-3.14175,0.417598,1.66565,0
-2.82612,5.20035,-4.02383,2
-1.43337,4.98405,-4.50371,2
-4.17572,-1.64871,1.54553,1
-1.32166,-1.10743,3.57492,0
-1.89685,3.49389,-5.05079,2
-2.00302,3.93455,-4.24619,2
-3.01406,0.792327,2.52384,0
-9.59121,4.51696,-3.72864,3
-11.2095,2.18556,0.609552,3
-2.77093,-1.37309,2.16601,0
-3.73427,5.4988,9.65696,4
-9.78554,2.9017,-1.30261,3
-3.13302,2.31889,10.2458,4
-10.1804,3.00779,-0.217423,3
-4.36482,5.62097,9.34166,4
-9.89635,5.30663,-5.83291,3
-1.30541,6.36036,9.7135,4
-10.681,4.37766,-4.83437,3
-1.59386,3.91609,7.99882,4
-2.1939,4.51393,8.41915,4
-10.8647,1.86918,-0.448926,3
-1.77775,5.51539,7.29193,4
-2.85154,3.24161,-4.15043,2
-3.62964,-1.85359,2.56647,1
-0.690112,6.75799,9.26916,4
-8.6715,3.24936,-0.726379,3
-1.31984,4.60315,9.39317,4
-9.67195,2.97291,-3.46515,3
-2.70684,4.92486,-5.38737,2
-1.2059,6.2344,7.93735,4
-2.50338,5.32919,-4.24921,2
-0.83282,4.52092,-5.41188,2
-9.97503,4.14891,-2.18915,3
-10.8823,1.27694,2.18017,3
-7.83478,2.20339,0.00600003,3
-3.92468,-1.24821,1.66479,1
-9.21107,4.82975,-2.74545,3
-9.99395,6.0708,-3.77476,3
-10.6619,0.860745,0.566609,3
-10.9371,4.41941,-2.41498,3
-1.78749,5.77001,-4.62659,2
-0.511767,6.80622,8.51738,4
-1.11666,7.70223,9.29308,4
-3.45616,-1.26256,1.55409,0
-10.3933,1.16554,1.89831,3
-2.77561,5.5603,-4.95415,2
-10.3121,1.80453,-0.551366,3
-2.75891,-0.942293,2.68601,0
-9.58922,4.02967,0.310551,3
-10.1627,4.28225,-2.97289,3
-3.57815,-1.79093,4.16674,1
-0.283561,5.437,-3.88843,2
-3.56935,-4.16109,4.12985,1
-8.708,4.83042,-2.46881,3
-9.41011,6.6984,-3.82134,3
-1.81068,5.87945,8.79342,4
-4.46763,-1.41543,1.4048,1
-11.9928,4.82938,-2.59326,3
-8.9055,5.01699,-4.74608,3
-2.70867,6.28701,8.41286,4
-1.72273,-1.92417,2.17126,0
0.0263856,4.29222,-5.34444,2
-10.1928,0.988953,1.33198,3
-8.43053,5.47764,-2.74244,3
-0.59002,7.18508,9.95779,4
-1.27975,4.387,8.56194,4
-0.928211,6.00814,9.28429,4
-9.09751,4.49382,-5.89076,3
-0.525342,4.5154,-5.36599,2
-1.72688,5.55744,-4.81887,2
-3.54954,-1.27285,3.90736,1
-9.4804,3.74894,0.291027,3
-0.148063,6.08987,8.69669,4
-7.62917,4.21508,-4.41001,3
-2.6796,0.468913,1.28402,0
-7.89507,0.51579,-0.467108,3
-0.947499,5.1712,-3.38254,2
-2.85333,2.08578,-5.9437,2
-2.54185,4.22139,-4.25961,2
-2.94437,5.17339,-5.24776,2
-0.221917,6.50764,9.49211,4
-8.72388,6.16761,-3.77793,3
-2.29041,-2.59939,1.87732,1
-10.2307,2.5166,0.659953,3
-2.96274,5.34956,7.80429,4
-2.81236,4.92198,7.74747,4
-9.81429,0.65066,0.275088,3
-11.5764,3.1537,-0.624816,3
-1.8689,6.93407,7.12927,4
-0.628647,4.81681,8.23891,4
-2.94165,5.89326,-3.93499,2
-2.39655,5.6078,-5.41435,2
-2.77917,6.11127,8.92464,4
-1.36974,5.99514,-5.33715,2
-2.25883,-1.60125,2.06279,0
-2.19453,3.59975,-5.12292,2
-9.25724,1.74583,0.59178,3
-11.2792,2.44662,-0.317961,3
-8.55445,4.2882,-3.10325,3
-1.81866,5.39548,-6.13307,2
-10.313,4.13016,-4.00548,3
-1.96562,3.98103,-6.27656,2
-3.04817,5.03614,9.65622,4
-9.06167,6.08892,-2.93194,3
-1.6016,6.35951,8.93563,4
-9.0358,4.27774,-3.17576,3
-0.778453,6.32523,-4.51203,2
-9.8559,5.23237,-3.02159,3
-8.79122,2.17969,-0.768137,3
-8.9827,4.82175,-4.11367,3
-8.997,3.44354,-3.81964,3
-0.352201,7.62008,10.5869,4
-8.70568,4.21409,-4.64092,3
-1.1342,6.52366,9.71976,4
-1.62425,-1.80867,2.55281,0
-3.22252,-2.22366,2.13595,1
-1.42659,5.03716,8.94184,4
-0.0902576,3.92497,-4.48805,2
-2.05864,-1.45216,3.9877,0
-8.44723,1.49799,-1.04366,3
-3.52835,-0.464826,2.91961,0
-2.0991,6.21426,-4.39945,2
-2.10105,5.1222,-6.11847,2
-2.70482,-0.0678463,3.47463,0
-9.18427,5.32388,-5.77426,3
-10.206,3.15808,1.4436,3
-2.80892,5.86412,-3.6159,2
-2.16614,7.1656,8.5951,4
-2.72865,4.56482,-4.51479,2
-8.66536,6.04032,-5.68745,3
-8.98279,3.55104,-4.85619,3
-0.122574,2.58064,-4.74742,2
-0.451299,0.121559,0.603981,0
-3.01369,3.00439,9.95661,4
-10.0268,4.73737,-3.28107,3
-2.51194,5.0911,-5.29573,2
-8.22503,6.99221,-4.3697,3
-9.04485,4.95498,-2.77023,3
-10.3594,4.15678,-3.50723,3
-8.87447,1.55121,0.962448,3
-9.30934,2.53026,0.298891,3
-1.46699,4.44906,-4.04922,2
-2.66235,5.33613,-3.99162,2
-3.04113,6.23164,11.4168,4
-1.96524,5.62003,9.62158,4
-2.78757,5.53442,-5.89789,2
-11.5314,3.25038,-0.343133,3
-9.37333,3.29647,-0.671895,3
-1.98383,-2.78383,3.39659,1
-7.30245,4.57958,-2.83331,3
-3.81382,-0.715059,1.90627,0
-8.33633,4.79211,-3.40096,3
-9.06405,1.40629,-1.10831,3
-10.2312,7.46487,-3.9101,3
-9.63262,2.83018,0.443797,3
-1.05057,-1.11282,4.12282,0
-2.4784,-1.13883,2.91274,0
-0.802969,6.13206,-3.42466,2
-8.44545,1.20629,1.24116,3
-9.13863,1.64112,2.00149,3
-9.965,2.79257,0.833734,3
-9.00605,3.95079,-2.39422,3
-2.75809,-1.41243,3.87461,0
-9.09619,2.81885,-0.757367,3
-4.03437,6.55208,-4.04393,2
-2.72152,-1.61095,1.68537,0
-2.94891,0.864265,3.52465,0
-2.82912,-0.491211,4.09198,0
-9.58877,5.84934,-2.34812,3
-9.80526,1.12036,1.47948,3
-10.7469,0.673546,-1.456,3
-10.0989,3.39947,-4.28008,3
-8.78641,4.08086,-1.95646,3
-10.1764,2.54107,1.41603,3
-1.40553,6.13195,10.4157,4
-1.09507,5.93306,10.416,4
-10.2126,3.84769,-4.76517,3
-11.4028,3.48908,0.468661,3
-4.5523,-2.14232,3.69307,1
-2.59945,-1.44102,2.50521,0
-0.469949,5.87933,-3.38192,2
-1.79611,3.50605,9.19626,4
-3.76378,3.68002,-4.55802,2
-2.35901,4.12102,-5.75315,2
-8.26643,4.98498,-4.60815,3
-10.0499,4.38131,-5.50951,3
-4.52225,6.26197,8.96663,4
-8.70697,5.06776,-3.92441,3
-8.46303,3.49574,-3.56883,3
-7.23615,3.5646,-4.39792,3
-1.56291,-2.32575,2.47845,0
-8.21624,2.83005,1.66937,3
-11.4731,2.3816,0.135217,3
-0.439359,6.67917,9.1047,4
-1.06938,5.77713,8.01799,4
-8.9091,1.70742,1.3049,3
-9.10719,5.52586,-4.73256,3
-9.15998,1.32149,0.998744,3
-3.77884,-2.81898,2.77723,1
-2.67526,3.65587,7.79819,4
-9.31846,5.9817,-5.0954,3
-3.05798,-2.01729,2.36045,1
-9.5947,2.93892,0.124341,3
-3.04954,-2.75309,0.85275,1
-3.46747,-1.86984,1.68347,1
-9.78056,5.14147,-3.27201,3
-3.87149,-1.05664,4.03825,1
-2.98934,5.5622,-5.93959,2
-8.09099,4.63984,-3.6106,3
-2.34169,-2.08875,3.07341,1
-8.87301,2.66747,-0.665573,3
-9.16764,1.90669,-1.00903,3
-2.70219,5.90257,-4.6753,2
-0.222106,3.94118,7.22763,4
-1.01493,3.67166,-4.37506,2
-10.4133,2.53172,-0.439986,3
-2.65497,6.21509,9.56457,4
-1.68189,5.506,10.3234,4
-9.15611,4.05157,-4.95629,3
-2.70476,-0.842751,3.37476,0
-2.84425,-2.278,3.28534,1
-2.39224,5.59287,11.0094,4
-3.84312,-1.96151,1.77382,1
-7.34422,2.47759,-1.29352,3
-2.0906,5.81015,-5.21127,2
-8.84582,3.32839,1.14219,3
-10.0749,2.33811,-0.542109,3
-10.7912,2.1356,-1.71595,3
-2.16979,4.65169,-5.53031,2
-3.4997,4.36825,-3.93484,2
-8.50933,3.93948,-3.79437,3
-0.830351,6.02103,10.2972,4
-3.54203,-0.747079,4.0013,0
-2.79099,4.78901,-4.73872,2
-9.19015,4.95213,-4.81799,3
-2.73896,-2.23305,3.28827,1
-1.39977,5.72769,8.24277,4
-7.8197,2.05624,-1.2619,3
-2.33696,5.31827,8.05962,4
-8.33706,2.26986,0.153534,3
-9.8181,0.959728,-1.50774,3
-9.64038,0.538554,-1.35917,3
-0.587913,-2.36995,3.69154,0
-2.3352,6.35871,9.32915,4
-0.754319,4.88948,-5.61027,2
-3.08547,-1.19129,1.49129,0
-1.53891,4.57173,-7.70288,2
-2.29518,-1.46188,3.24688,0
-9.28758,4.1348,-2.6522,3
-0.199598,7.42212,9.16186,4
-10.5753,1.45839,-0.490735,3
-3.26054,4.4114,-3.93064,2
-3.77245,-2.33331,3.45588,1
-1.11866,4.3537,-6.17615,2
-1.92259,6.71874,9.89205,4
-11.7714,1.33199,2.29188,3
-10.8568,4.49897,-4.37845,3
-0.443101,4.89356,-3.23113,2
-1.69615,6.25038,10.7205,4
0.0433038,5.22312,8.90825,4
-9.42266,4.53163,-4.11764,3
-9.88587,5.6924,-3.53686,3
-3.04696,6.11196,8.54542,4
-8.52651,1.47523,1.24482,3
-1.76796,4.38974,-4.33407,2
-1.74294,-1.91944,2.27512,0
-10.9466,2.80421,1.61657,3
-11.2587,2.81524,0.0531721,3
-8.81014,1.46064,0.417053,3
-9.50018,3.18814,-5.19816,3
-10.0564,1.83109,-0.250649,3
-1.72257,5.1975,9.67265,4
-1.38345,6.63197,-3.11276,2
-1.9831,4.98749,-4.36456,2
-4.3131,6.73383,-5.41875,2
-2.41093,6.4252,-5.14183,2
-0.516333,4.89317,-4.58672,2
-2.43364,8.05664,10.6098,4
-2.82017,6.65952,11.7623,4
-10.2365,5.8737,-3.66812,3
-9.34224,1.30012,-0.886556,3
-3.69074,7.14492,-4.33201,2
-0.158626,6.25328,-5.75938,2
1.27926,4.42622,9.33758,4
-5.41715,5.13067,-4.894,2
-1.42142,7.96998,10.6568,4
-3.0395,4.65393,-3.70646,2
-3.20283,-1.23489,3.59729,0
-9.1592,2.36744,-0.342707,3
-0.640184,-2.02886,0.699676,0
-5.40395,-3.0092,2.88566,1
-4.29149,-0.684582,4.5387,1
-10.2121,4.11961,-4.0042,3
-1.086,6.16713,9.83845,4
-0.33407,3.00887,-4.92188,2
-8.49973,3.58253,1.6105,3
-0.547677,7.31798,-5.36592,2
-8.99199,4.44816,-2.62902,3
-9.69424,4.32097,-2.16217,3
-1.53288,5.54357,8.25112,4
-2.65885,-0.212926,4.68914,0
-10.5035,0.358228,0.251967,3
-5.1049,5.0698,9.53209,4
-2.23488,5.25214,-4.84257,2
-1.60554,6.64918,9.36772,4
-1.7686,5.90584,9.28144,4
-0.36592,5.651,-4.87734,2
-1.30108,3.32093,-5.25787,2
-2.34905,5.67908,-4.81877,2
-9.2541,0.438865,-0.284162,3
-1.71565,6.45018,8.14875,4
-10.2646,4.66672,-2.84228,3
-4.25637,3.93063,-2.46599,2
-3.02893,0.55859,3.71618,0
-4.04632,0.202252,2.64736,0
-2.48722,4.95925,7.15084,4
-1.46138,6.10358,-4.52489,2
-1.44454,4.2434,-5.99974,2
-3.32304,4.12685,-6.76077,2
-3.59707,3.62373,-4.35281,2
-1.91796,-0.657097,3.41694,0
-2.58384,-1.93062,3.27571,1
-9.61764,5.81206,-4.16248,3
-0.644762,5.34828,-5.67163,2
-9.51398,2.91831,-1.45806,3
-3.63154,-1.98291,3.95542,1
-9.89733,4.94902,-2.19837,3
-9.96344,2.00765,-1.27565,3
-1.94331,4.93489,8.444,4
-2.25953,5.34696,10.3479,4
-4.16174,-2.20638,2.83923,1
-9.58714,5.57111,-3.86918,3
-0.409979,6.14041,8.8606,4
-9.5898,3.86691,-3.91948,3
-3.45244,-1.63125,3.20264,1
-2.04158,4.93767,-4.32272,2
-10.218,1.4457,1.78727,3
-9.52804,5.593,-4.64951,3
-1.7763,6.1477,-4.80185,2
-2.82625,-0.113328,3.31893,0
-9.93072,5.88499,-4.26059,3
-3.33702,-0.84004,2.76859,0
-2.41752,-0.506758,2.07521,0
-3.32483,5.8106,8.51324,4
-1.79038,3.41593,-5.97698,2
-1.33599,3.45197,-6.06719,2
-0.984368,4.16698,-5.54592,2
-2.5382,5.9401,8.5854,4
-2.87933,-1.44704,2.47998,0
-1.86886,-1.1056,2.36678,0
-1.8498,4.90872,-5.86336,2
-1.15451,-2.2524,2.08963,0
-10.0872,1.7679,-0.00836194,3
-8.36421,4.88468,-2.82891,3
-0.682739,4.14017,-3.97811,2
-3.44479,-0.461236,0.841732,0
