9.48849,6.88514,-5.93777,1
9.05096,5.0665,-4.13208,1
10.5643,-9.4591,1.19452,1
7.9539,4.82572,-3.26026,1
-9.82427,-9.37529,-7.51078,2
-7.62054,-10.1503,-8.43689,2
8.03717,4.73478,-4.58099,1
-8.04951,-10.9343,-7.97483,2
-10.6692,11.6656,2.65192,3
8.48879,-8.12544,1.55878,1
-9.8892,10.2733,7.00856,0
7.34985,5.77846,-4.38268,1
8.57189,-6.08653,0.131364,1
-10.7959,9.3414,4.75984,4
9.4471,-8.46393,-0.11114,1
8.46714,5.41587,-3.63086,1
-6.9034,-7.99237,-8.70763,2
8.69477,5.78276,-3.48472,1
-7.91461,8.92262,7.13359,0
-7.9178,-7.79105,-7.66345,2
-8.61395,-7.93229,-8.74973,2
-8.08152,-8.18582,-8.21167,2
8.70952,-9.06197,1.17351,1
-8.47687,-8.59886,-7.41899,2
-8.34264,8.45862,7.35579,0
7.25563,5.83945,-5.10834,1
-10.1354,11.2751,4.6772,4
-9.98058,9.46207,3.88789,4
-10.713,9.72166,2.55981,3
-8.5185,8.40637,8.20749,0
-9.70986,9.37788,7.4291,0
7.51277,5.45811,-5.49185,1
-10.8323,10.9466,3.87455,3
7.02917,4.34836,-4.13422,1
-10.8752,9.0757,5.22357,4
-9.58915,7.18958,6.48473,0
-11.4825,9.13999,2.85156,3
8.60582,5.67892,-4.79868,1
-10.7929,9.57989,4.34863,4
-9.47377,8.43042,6.945,0
-10.088,10.064,3.23742,3
8.44942,-10.1489,0.190672,1
8.94343,-8.71341,-0.430306,1
-8.78869,-7.21814,-7.6444,2
-6.93811,-8.32814,-8.50762,2
10.427,-8.75694,-0.0684142,1
7.45647,6.9692,-6.06964,1
-9.31282,9.23773,2.72737,3
8.1476,4.57756,-4.28678,1
8.28951,4.7598,-2.97699,1
-9.22128,9.36605,5.73034,4
10.0843,-6.88055,3.06673,1
-9.62659,10.3541,7.70399,0
-9.5161,9.47077,3.25272,3
-10.1509,10.3418,3.91348,3
-10.9145,8.56411,2.26438,3
-10.4272,10.0318,6.74095,0
-9.60321,10.184,3.06865,3
-8.46346,9.31874,6.55748,0
-6.99981,-10.133,-8.8881,2
8.52532,-9.65869,1.32797,1
-9.68347,10.9247,4.89049,4
8.80351,-7.54718,1.05531,1
-10.337,9.44423,4.5967,4
8.26225,-10.8161,1.44334,1
-11.0146,10.9958,3.32218,3
8.17464,4.06524,-3.0129,1
8.32902,-8.59104,-1.93065,1
-10.5222,7.86401,1.45818,3
-9.48532,7.62702,5.52112,0
-10.4157,8.65695,6.94457,0
-6.9156,-9.58839,-8.84436,2
7.13895,-9.48509,0.135167,1
-10.1041,11.3422,5.68985,4
7.87079,4.82734,-3.75639,1
-8.08922,8.3931,6.89257,0
-10.1385,9.74926,7.05787,0
-9.76941,9.50475,3.54325,3
8.23909,4.57291,-4.41583,1
-7.13215,-9.26198,-9.25211,2
-9.41705,9.43948,3.51572,3
-10.5002,8.20093,6.78298,0
7.50597,6.99089,-3.89912,1
-10.3665,8.98939,8.16088,0
-9.07184,8.95033,4.77138,4
-9.28178,9.7732,4.88566,4
-10.1978,10.4274,3.40597,3
-8.7106,8.79205,4.70689,4
-9.8441,10.5592,2.50919,3
-9.86197,8.97654,6.8589,0
-10.1238,10.436,4.85541,4
-10.3596,6.78864,7.56244,0
-5.94772,-9.0459,-8.79027,2
9.16992,5.47006,-4.93575,1
8.2979,-8.29533,2.24894,1
9.4274,-7.48602,1.28646,1
10.3128,5.03112,-4.17313,1
9.17507,-9.88978,1.20138,1
10.5082,-8.71287,2.40319,1
-8.7053,-10.5715,-9.13179,2
8.11208,7.6018,-4.14351,1
11.2613,-10.2308,0.797448,1
9.36327,-8.78899,0.832492,1
-9.20069,9.48971,4.27781,4
7.9203,-8.76631,1.25487,1
9.74003,-9.18209,2.20294,1
-10.2052,8.48969,5.52048,4
-8.48,-9.34325,-9.59939,2
-8.2345,9.24813,5.51242,4
-8.76484,-9.8848,-7.37087,2
10.5522,-6.78987,-0.753728,1
-7.87986,-10.0906,-6.92614,2
-10.8171,10.7806,6.11239,4
-9.22717,9.02729,2.36317,3
-10.3972,11.0557,3.67136,3
6.84079,-10.4756,0.0985668,1
-7.40598,-9.13268,-8.16012,2
-11.4679,10.2176,2.38699,3
-9.18487,10.5892,8.17457,0
-8.99395,-8.94238,-7.50743,2
10.0397,-9.95106,-0.452641,1
-9.68921,10.5158,3.34386,3
-10.6793,9.46883,8.08264,0
-10.2883,9.2902,2.50977,3
-5.65707,-10.6248,-7.0766,2
8.5168,-9.67383,1.04866,1
8.42944,3.37633,-4.40816,1
-9.54734,7.30738,7.22554,0
10.4136,-9.1293,0.438325,1
9.24141,-8.83684,1.23689,1
-10.9268,9.3545,4.29281,4
-5.70884,-9.47409,-6.58016,2
9.61592,6.1298,-7.17338,1
8.20113,5.09306,-3.27817,1
-9.11802,-8.66614,-6.61926,2
-9.31374,9.28552,4.7562,4
-10.1222,9.48625,6.62569,0
-5.13353,-9.10613,-8.13589,2
10.5011,-9.53984,0.655709,1
9.00405,-9.128,2.44495,1
9.0203,3.66987,-5.1483,1
-8.16831,-9.12694,-7.3643,2
8.04089,3.70576,-3.97171,1
-6.99562,-10.7206,-9.43825,2
8.90322,4.62868,-2.24523,1
-10.4849,10.7206,4.62896,4
8.66245,6.14038,-6.44663,1
7.17043,6.25494,-3.70215,1
9.04554,4.04676,-4.49325,1
-7.42174,-11.2912,-8.51539,2
-8.73275,9.18196,4.76033,4
7.86073,-8.22706,-0.859229,1
8.42868,-6.29653,-0.119417,1
8.45336,4.40031,-6.48358,1
-8.06505,-9.51983,-8.79172,2
-6.7972,-9.66839,-8.62282,2
-9.85636,8.21279,6.14226,0
9.78761,-9.88536,0.936911,1
-6.46151,-8.94218,-9.25013,2
-8.9726,8.63156,4.15749,4
8.46598,6.88457,-4.64235,1
-10.3818,10.5806,5.66525,4
-10.4463,11.2246,5.45914,4
-10.2559,9.45184,3.26537,3
-8.42539,-9.44869,-5.48556,2
-10.1981,9.18921,3.11969,3
-10.3318,7.31112,6.92581,0
-8.1678,-10.6524,-8.39291,2
-8.50119,10.1139,5.10619,4
-5.6325,-9.99724,-8.41246,2
-9.31629,8.87122,2.23923,3
-7.53697,-10.2407,-6.49702,2
-8.37533,8.83809,5.78476,0
-9.51391,9.73821,1.48795,3
-7.54895,-7.79904,-7.60275,2
13.2659,-9.39055,3.09275,1
-7.8935,-9.72974,-7.32265,2
-10.5078,7.96934,7.81248,0
-11.4979,11.4877,6.28537,4
9.43238,-8.05733,1.31162,1
-6.66735,10.0723,2.51367,3
-10.5059,11.6584,3.80749,3
-8.66908,-7.99465,-7.68344,2
8.12302,5.04261,-5.03063,1
-8.47098,8.07102,7.60066,0
8.73469,-8.3981,0.383397,1
-8.27118,-10.6436,-8.80829,2
-8.932,9.32771,4.54176,4
-7.66317,11.5151,6.83958,0
9.52075,-8.70845,0.640514,1
8.07169,4.55346,-5.32063,1
-8.96323,10.1355,2.77424,3
9.06334,-9.70532,1.16162,1
-6.30988,-10,-8.22999,2
8.31366,4.8173,-4.93096,1
6.88866,5.58787,-5.13567,1
7.70289,6.32242,-5.33467,1
8.48968,5.01818,-6.23627,1
-9.65487,8.4488,3.5677,4
7.92677,5.83106,-3.64743,1
8.98486,-9.15905,1.61304,1
-8.40213,7.92854,5.1742,4
8.46307,6.60182,-2.64122,1
-7.50619,10.0911,6.40691,0
9.54304,-8.35183,0.540868,1
8.19462,-9.6606,1.04216,1
-10.5683,9.86123,3.8257,4
-8.94485,-8.561,-7.56102,2
10.9354,-11.015,0.53698,1
-10.5792,8.11251,6.95068,0
8.84572,4.68578,-5.53522,1
8.99956,4.55349,-3.85678,1
-7.21789,-10.2132,-7.11953,2
9.22277,5.62556,-5.1765,1
10.6901,-8.69673,0.42912,1
-8.47174,8.10621,5.75901,0
-9.99336,10.0668,5.29045,4
-8.84267,9.84409,6.07586,0
8.50349,5.17427,-4.17015,1
9.99225,-9.63172,1.76925,1
8.4262,5.82781,-4.23748,1
-10.3057,7.62275,6.78596,0
10.1287,-8.42311,2.10107,1
-9.65379,8.66873,7.27519,0
-9.66562,9.34228,4.09945,4
9.91418,-6.16392,0.897141,1
9.07074,-8.41645,1.39568,1
-8.35096,8.52989,6.2866,0
9.30752,-9.92547,1.88536,1
-9.62121,-10.861,-7.46849,2
-7.97732,-8.74673,-7.79778,2
-9.18837,10.9906,7.23872,0
7.89442,4.38147,-5.34935,1
-11.1382,10.3905,3.91844,3
-9.69175,9.31653,6.95865,0
-9.72767,10.6471,2.80893,3
-7.68231,-9.45832,-8.70299,2
7.29265,3.77321,-5.08841,1
-10.9957,8.85212,7.08778,0
-8.82816,9.89006,7.67307,0
8.18918,4.04775,-4.65503,1
-6.27214,-8.46357,-7.62252,2
-5.81659,-8.37136,-7.91261,2
-8.80611,9.46971,3.80385,3
9.55264,-9.17726,0.805449,1
-6.66616,-8.6116,-6.53719,2
9.40685,6.221,-5.71658,1
10.0741,-10.7531,1.3194,1
-10.0041,9.75576,4.53518,4
8.88039,4.80305,-4.73818,1
-9.91986,9.28709,4.00892,4
-7.20689,-10.4085,-7.7549,2
-9.31816,8.57597,3.82515,4
8.25889,-8.58072,0.97274,1
9.06439,-7.77771,1.28577,1
9.30563,-7.54363,1.91278,1
-9.23685,-8.65418,-6.97437,2
10.3992,-8.61009,1.7178,1
-8.62087,-8.79392,-9.08798,2
10.0663,-9.12956,0.0648173,1
-7.57091,-8.82517,-7.36841,2
8.55546,-10.4575,2.98744,1
-7.89432,-8.28601,-8.22383,2
-7.30553,-8.56902,-7.46577,2
-9.9758,9.94493,6.07381,0
-8.88532,9.73148,7.76287,0
-8.93879,8.99242,6.53411,0
-6.80952,-10.8166,-9.97131,2
-7.67874,-8.61351,-7.85931,2
-9.32996,8.66189,6.14129,0
10.3815,-8.92229,2.32001,1
8.05199,-8.00027,-0.499021,1
9.73824,-8.16625,2.46093,1
-11.7195,8.8829,5.17146,4
-9.56667,11.3713,5.83328,4
-11.2283,8.17965,4.67489,4
-7.84286,-10.1019,-9.40554,2
7.8727,6.09854,-6.16899,1
-11.0597,8.92645,4.20058,4
-10.1589,8.83326,5.37208,4
-7.76563,-8.72423,-8.33126,2
-10.735,7.83827,5.65876,4
8.16659,4.16974,-2.08664,1
-8.70073,11.653,3.58012,3
7.40985,7.053,-4.5126,1
-9.13732,9.53544,7.04835,0
9.69475,-9.61503,1.15097,1
-11.0851,8.80411,7.16814,0
8.0856,4.51518,-4.81079,1
7.35956,6.6355,-3.04233,1
-10.197,10.2364,2.77955,3
-10.3774,8.145,3.00613,3
10.488,-9.81476,1.61049,1
-10.0381,8.32431,5.92658,0
-11.306,9.05102,3.95889,4
-8.77079,8.9981,6.68164,0
8.96428,-8.63756,1.61939,1
-6.79365,-10.3872,-7.29978,2
8.77014,-8.66026,0.117448,1
8.81703,-10.8413,2.9954,1
-5.88333,-8.72295,-8.23986,2
-9.59304,-8.31586,-8.24293,2
-6.55107,-8.97318,-7.95629,2
-7.52108,-10.3043,-7.85502,2
7.42305,5.37781,-4.60084,1
9.50696,-8.16636,1.43984,1
10.3552,-9.57206,1.12231,1
7.08053,5.00101,-4.56099,1
-8.16138,9.93903,3.67747,3
-10.8309,10.9419,5.80727,4
-9.15598,11.2409,3.29218,3
-9.59376,8.6264,7.04586,0
9.27058,4.44913,-5.27501,1
-9.71906,9.22789,7.03282,0
9.01807,5.17847,-5.58187,1
-6.97322,-9.96316,-7.99617,2
-8.06286,-10.9997,-7.14046,2
8.79441,-8.44132,0.702926,1
-9.38457,10.263,7.42651,0
8.12456,5.78403,-4.07517,1
-9.97608,8.0928,5.57768,4
-11.1934,9.87415,3.30482,3
6.43698,5.56031,-4.4915,1
7.44624,6.33076,-3.54188,1
7.24266,-8.91979,2.49186,1
-8.34943,9.78876,4.64772,4
9.13893,5.99931,-4.16588,1
9.42983,4.88964,-6.29546,1
9.05807,-7.4867,1.22492,1
-9.63573,8.94444,3.8061,4
-10.5862,9.38217,5.43196,4
-9.32348,10.0765,7.20806,0
-9.14966,-9.00714,-7.06449,2
-8.07726,-7.05563,-8.34902,2
-9.65131,9.94049,6.48327,0
7.37961,-10.4721,2.2796,1
-8.91219,9.35659,8.31885,0
8.14667,-10.6201,0.568664,1
10.2822,-9.08271,1.55383,1
-9.90152,11.7109,4.28147,3
9.78496,4.83176,-3.89653,1
-6.48394,-9.27164,-10.0853,2
-10.522,8.63466,6.04671,0
-8.60199,9.6194,4.30818,4
7.74671,5.3715,-5.77365,1
-6.96007,-8.24923,-9.77983,2
-8.25825,-10.5386,-9.79769,2
10.5632,-9.21388,3.0603,1
-11.056,8.35054,7.27444,0
8.55601,4.90212,-5.41484,1
-8.05642,9.53804,4.77095,4
-7.48337,-8.36124,-8.31645,2
8.29164,5.91122,-3.0459,1
-9.37466,8.64504,5.51975,4
7.65433,6.03403,-4.9517,1
-8.28413,9.26666,2.62633,3
-8.14257,8.05222,6.35399,0
9.09159,-8.3855,1.84198,1
-10.8587,10.3749,2.79257,3
-7.66053,-8.75896,-9.11146,2
9.33255,-9.89537,1.81185,1
7.32034,7.70628,-6.10257,1
-7.77074,9.14351,4.87451,4
8.76058,5.67679,-3.30696,1
-5.95892,-9.40166,-6.66732,2
-7.28587,-9.53368,-7.603,2
-7.0431,-8.80446,-8.60346,2
-6.79292,-8.99743,-8.87285,2
6.16087,4.93713,-5.01529,1
-5.30107,-9.10102,-6.21355,2
8.5936,6.17524,-6.36213,1
-9.8241,11.1466,2.27689,3
-8.35528,-9.34753,-9.13112,2
-8.93328,-9.71071,-9.22968,2
-10.3312,8.32062,6.61743,0
-9.77483,10.0222,4.44586,4
-8.97285,-9.80739,-7.96805,2
-7.20365,-9.68317,-10.9275,2
-9.75571,9.65643,6.1062,0
9.30784,-10.7377,1.22787,1
-9.54087,9.8134,5.73885,4
8.77245,5.30949,-6.21911,1
9.86729,5.37215,-4.84277,1
10.3295,-10.2404,1.57487,1
8.56934,5.44088,-5.70499,1
-7.51221,-9.44967,-7.75362,2
7.79436,4.83115,-5.64061,1
-10.2425,-11.5598,-7.83971,2
-9.68976,9.61932,6.02709,0
-9.9274,9.80676,6.07747,0
10.0163,-10.063,0.47761,1
-11.4837,9.7094,2.18452,3
-11.071,8.89866,2.82519,3
-8.78759,10.2013,3.7572,3
-9.05695,-9.41612,-7.3163,2
-8.89094,9.97395,2.4899,3
8.96709,4.62487,-7.23923,1
-10.4629,9.27457,7.44812,0
-9.94351,8.66225,7.82102,0
-6.49118,-10.0764,-7.20152,2
-7.80218,8.42251,5.68083,0
-6.86193,9.77398,6.3635,0
-10.0952,8.82783,3.17742,3
-7.92265,-9.74932,-8.54907,2
-7.76104,-9.5697,-7.47141,2
-10.7482,9.64148,3.22518,3
-9.85587,10.1792,3.81601,3
10.429,-10.3218,0.753206,1
-9.1543,9.35245,5.76302,0
9.15278,-8.0454,0.440039,1
9.5193,5.14618,-5.4279,1
-8.72115,9.95022,3.3312,3
9.34569,-10.0738,0.383579,1
-6.6954,-9.91702,-9.76259,2
-8.34567,9.28203,3.65287,3
-8.77886,8.20173,6.01691,0
-8.91413,-9.02881,-9.92138,2
9.33528,7.23248,-6.73695,1
-10.1594,9.93899,2.7333,3
-10.7528,8.64803,3.12923,3
-8.75424,7.32365,5.38865,0
-10.5999,9.94473,5.4284,4
-9.2725,-9.07785,-9.05283,2
9.70739,3.09053,-4.10715,1
-10.5108,10.5888,2.88955,3
-8.82473,9.15948,7.29145,0
-8.43499,10.94,4.06048,3
-9.99565,10.9547,3.84368,3
-6.60385,-9.36533,-8.033,2
-10.6188,9.65323,7.98836,0
-10.7659,9.30997,4.53125,4
9.80722,4.8349,-4.52423,1
9.61686,-8.61112,1.13059,1
-6.81857,-8.90537,-9.04798,2
-7.1481,-8.71212,-8.38612,2
9.6751,-9.64913,1.29833,1
12.5594,-8.65267,-0.140387,1
7.985,5.45672,-6.35128,1
-9.40644,9.96972,2.88455,3
7.90056,3.87384,-3.8763,1
-8.92966,10.4537,3.97987,3
8.88638,5.76488,-3.09133,1
11.2186,-9.36229,-0.357401,1
6.7798,-7.75798,0.165018,1
8.30978,5.02693,-5.68351,1
-5.16114,-8.15404,-8.65288,2
-6.9873,-8.23923,-8.37445,2
-8.3421,-10.3969,-8.02799,2
-9.25652,9.47275,7.14037,0
8.19979,-11.4715,0.434055,1
-7.56963,-9.22714,-9.42368,2
-9.57093,9.36181,6.23181,0
-8.99819,7.56704,5.57808,0
-9.51484,8.57357,6.6301,0
9.33908,-10.8505,1.30193,1
-9.24983,9.64159,6.95619,0
8.18077,5.34141,-5.33663,1
7.79848,6.86623,-4.06823,1
10.0271,-8.49576,0.526253,1
-9.25033,10.6249,3.54655,3
8.53905,7.23065,-3.84718,1
9.25181,-9.15979,1.35988,1
-9.97022,11.3791,3.8325,3
-6.97913,-9.93812,-9.73209,2
8.27098,7.02613,-6.06425,1
8.8211,5.97188,-4.3923,1
-8.42968,7.98238,6.13527,0
-7.45449,-9.91378,-7.9432,2
7.80785,-10.4839,1.24247,1
7.72512,-7.64007,-0.524196,1
10.1533,-8.33984,0.233578,1
-10.528,9.21336,3.64158,4
7.89992,-7.53892,1.10707,1
7.57558,4.88219,-5.55859,1
-11.3193,8.99805,3.70824,4
-9.3587,-10.2318,-6.89747,2
-10.1796,7.95825,3.27868,4
7.64073,5.0653,-4.96514,1
-10.1057,10.2939,2.6468,3
-10.6485,8.33873,5.94316,0
8.27522,5.85793,-5.29712,1
-10.1486,-9.26954,-7.63617,2
-8.30843,9.50176,2.45348,3
-10.6306,11.0463,2.50066,3
8.49217,4.75326,-4.90605,1
9.60396,5.40054,-4.87334,1
8.5815,4.58462,-4.56212,1
8.27109,-7.78649,-0.364683,1
8.54786,6.11496,-4.86704,1
8.45784,6.17116,-7.0639,1
-7.28364,-9.17055,-9.02183,2
-9.46908,9.76302,1.94855,3
-8.73485,8.95106,3.34601,3
-7.49941,-10.2723,-7.50863,2
9.45113,5.2508,-4.60062,1
-8.87232,8.77539,2.95649,3
-9.62123,9.81767,1.80361,3
-10.0288,8.34765,7.18675,0
-8.73259,9.98526,8.40755,0
10.511,5.35392,-4.17499,1
-10.5646,7.74361,8.36403,0
-10.1154,9.18242,7.22244,0
-9.5904,8.59621,7.21046,0
-8.50884,9.2755,7.64569,0
-8.35693,10.0931,4.05292,3
-8.10819,-8.93913,-7.92809,2
-9.59184,10.9422,6.15156,0
-6.84947,-10.7515,-7.86178,2
8.54866,4.72025,-5.63527,1
-10.2742,7.11588,7.00645,0
-8.00029,-9.72328,-8.50324,2
-9.63054,8.82219,5.50286,4
-11.294,9.39474,7.32735,0
9.20667,7.17703,-4.74897,1
-12.0421,8.57217,7.19625,0
-6.0129,-9.01427,-9.23098,2
-7.8501,-8.10655,-7.4774,2
-9.15729,8.41134,3.4329,3
-7.97461,-8.21613,-7.47424,2
9.54939,-8.19619,2.15123,1
-11.2206,8.42748,4.45167,4
-10.5928,7.91942,6.62204,0
-7.18257,-7.72993,-6.79603,2
-9.61798,9.02962,8.32726,0
-10.7157,8.94919,4.79344,4
-7.69742,9.20391,8.21304,0
-10.4378,9.15346,7.58756,0
-7.07722,-9.74021,-8.29499,2
9.12641,5.45265,-4.7241,1
-7.39821,-7.9302,-7.37522,2
9.41963,-8.6498,0.252465,1
9.47686,-9.1284,3.3187,1
-9.97673,8.69451,4.13648,4
7.90228,6.13952,-4.50012,1
9.77047,-10.1872,-0.739398,1
-7.93284,10.6645,2.83009,3
-8.47815,-9.75838,-6.03515,2
-8.66926,9.68299,4.01959,4
-8.16798,9.75655,1.1828,3
-8.85232,9.71745,6.6053,0
8.32865,6.09562,-3.94488,1
-8.0384,9.10181,7.13916,0
-8.70956,8.5616,7.66909,0
-6.46668,-8.37142,-8.47217,2
-8.50198,10.1042,6.14104,0
8.63383,-9.81993,0.858724,1
8.59907,5.42109,-5.1672,1
8.793,-10.5941,1.37077,1
9.91946,-10.6221,1.28312,1
-10.6684,9.01594,3.73361,4
8.18836,-8.4546,2.11538,1
-10.0802,8.20309,5.92746,0
-10.2569,9.71439,2.46182,3
8.11145,-9.08402,0.964157,1
-7.48376,-8.44028,-8.02151,2
-4.20427,-8.72808,-8.6172,2
-9.83068,10.1996,6.68968,0
10.8142,-9.36895,0.304576,1
9.9295,-9.39386,1.35899,1
-5.6504,-8.31175,-6.87225,2
-11.5558,9.47173,3.79749,4
-7.00328,-11.2106,-9.19609,2
8.98173,5.06398,-4.76905,1
-9.73673,8.77719,2.32748,3
-7.91004,-8.63078,-8.10663,2
-6.97935,-8.18543,-10.1874,2
5.92792,4.06611,-4.62422,1
7.25218,5.91493,-4.49423,1
8.31392,4.18941,-4.76015,1
-9.36663,9.24804,4.92927,4
-8.39931,10.5626,4.65382,4
6.88439,4.76823,-4.65014,1
8.42924,-9.35691,1.49832,1
-8.8574,9.6393,3.37003,3
-9.45277,9.53489,3.01316,3
10.1263,-8.08396,0.982016,1
9.75015,5.05331,-5.03857,1
9.7979,-8.9202,0.540761,1
-8.90566,10.6043,2.70993,3
-6.32555,-8.15828,-7.76076,2
-11.0137,8.41473,6.46124,0
-9.36731,9.07239,4.46258,4
-7.47193,-8.73554,-9.36892,2
8.81933,6.07213,-3.39085,1
-9.2726,9.99131,2.59103,3
-9.3009,10.674,4.18096,3
9.28342,4.9199,-5.46455,1
8.85373,6.23662,-5.1109,1
-7.76675,-10.0695,-7.43847,2
-8.16801,-8.73004,-8.857,2
10.6685,-8.70149,0.69098,1
8.18387,5.85411,-5.07044,1
-10.3139,9.20655,4.05724,4
-10.8399,9.06642,6.63639,0
8.59343,-8.06309,2.27257,1
-9.37526,7.56231,7.45038,0
10.2967,-7.97398,2.0648,1
7.60269,5.12905,-4.86616,1
-5.60865,-8.11093,-8.98013,2
-8.02742,9.36027,5.93047,0
8.48269,3.64242,-5.45169,1
10.1065,-10.3103,1.67149,1
10.9192,-9.01857,2.09812,1
-10.0273,8.92188,5.79946,4
8.06704,5.50657,-4.30625,1
8.78984,-8.84395,0.245253,1
-11.5688,9.73375,4.66837,4
-7.00519,-9.83431,-7.9522,2
8.30147,4.23263,-3.87685,1
-7.9324,-6.85569,-7.64559,2
-9.19363,10.0234,4.55472,4
-9.67816,9.29924,7.20939,0
-6.99753,-10.0395,-7.86422,2
9.47208,-8.14266,0.111259,1
7.8573,-8.16337,1.05146,1
8.60058,3.74613,-3.4714,1
-9.20693,9.50922,3.76289,3
-8.86225,8.2545,9.01179,0
-9.23275,9.54742,4.50345,4
-7.22037,-7.29254,-7.20356,2
10.5053,-7.40732,2.35393,1
-9.36524,10.3857,4.33462,4
-9.23736,9.11936,5.84734,0
9.81814,4.75959,-4.83512,1
-9.27941,8.04526,2.37539,3
9.19767,-9.44839,0.740321,1
8.89406,-8.4064,0.298311,1
-9.93163,8.63962,6.81772,0
-9.1072,8.55763,4.1846,4
-6.41946,-7.55982,-7.77148,2
-6.0298,-10.0416,-6.93677,2
-7.56555,-8.7149,-9.37543,2
-10.7968,8.17841,7.41085,0
-8.14887,-8.38138,-7.45384,2
-11.0105,9.33729,6.59775,0
-9.52004,10.5257,7.0116,0
-9.9811,7.45417,3.27798,4
-9.83824,9.84731,7.22564,0
-8.60023,9.60173,5.97141,0
-8.1086,9.24605,3.29694,3
-10.0511,10.2164,4.61382,4
-9.16709,-11.226,-9.52042,2
10.1719,-8.0215,1.82815,1
-9.42255,9.10252,6.96387,0
-7.3649,-9.09472,-11.2636,2
-8.51227,10.3429,5.29861,4
-7.70676,10.9125,7.42787,0
-7.25319,-10.0425,-8.52374,2
-8.99213,9.517,7.68331,0
7.56351,-8.95282,0.359667,1
8.99275,5.37636,-4.05141,1
6.31568,5.73618,-4.57116,1
-9.45753,9.39867,6.84715,0
-8.94148,10.2873,5.27052,4
-8.3557,-10.6465,-8.00635,2
-10.4748,10.3341,5.68612,4
-10.5592,10.4465,4.57142,4
-9.5314,8.69231,7.28086,0
8.43096,3.43287,-6.75863,1
-10.1731,7.98,3.27779,4
-11.7537,9.66331,7.22921,0
9.5742,-6.62659,0.285791,1
7.55479,-8.89775,1.34625,1
-10.3666,8.17553,6.20744,0
10.5566,-7.61452,3.6269,1
8.48307,6.36477,-2.7662,1
-9.05777,8.3267,6.74307,0
7.21992,-9.007,0.740557,1
-11.1405,9.76447,4.16248,4
-8.18192,-9.70715,-8.75058,2
9.48633,-7.21895,1.69667,1
7.65327,4.39726,-4.4295,1
-8.99233,9.83293,4.1448,4
-9.62599,9.08954,4.36366,4
-9.49876,-8.45482,-8.45214,2
8.49749,3.42698,-5.0553,1
-10.8867,9.01813,6.35267,0
9.1253,-7.841,1.34033,1
-10.5699,8.8085,7.68373,0
-8.06599,-8.53376,-7.28406,2
9.96515,-9.36819,1.08379,1
8.91894,5.01069,-4.92192,1
-10.4239,8.90625,5.17583,4
-10.6759,9.8453,2.89236,3
-8.31051,-10.3373,-9.28757,2
-10.4701,10.0851,1.76542,3
10.0746,-10.7137,-0.0571865,1
-9.34631,8.13695,3.59332,4
-11.6958,9.85748,3.22895,3
9.80117,3.78324,-7.54044,1
-8.60404,8.1622,4.78876,4
-8.49518,9.98181,7.48403,0
-9.99088,9.91637,4.34147,4
-11.1967,8.69247,6.34787,0
-7.03828,-8.56068,-8.30489,2
9.4955,-11.0195,0.595616,1
-7.10325,-9.26939,-6.4381,2
9.22963,4.33569,-5.03802,1
7.85023,4.85424,-5.7502,1
-10.5928,9.9155,4.0134,4
-10.6497,8.67438,2.49336,3
9.51073,5.19976,-6.15461,1
10.6149,-8.41002,-0.0795787,1
8.34236,-8.89464,1.57756,1
-6.61628,-9.01775,-8.94451,2
-10.4233,10.258,0.997278,3
-8.03444,-8.22833,-8.74455,2
10.3491,-7.73245,1.70811,1
9.98825,4.47214,-4.5451,1
-10.4611,9.66151,3.40264,3
7.739,6.86037,-4.95057,1
-9.0855,10.1019,3.49892,3
8.70858,4.51814,-4.0528,1
-9.22675,8.62191,0.250413,3
-6.45264,-9.73144,-7.15665,2
-10.0611,10.23,2.47561,3
-9.34643,-10.6198,-9.16174,2
-8.35725,10.2377,7.47784,0
-7.83488,-6.90051,-8.81316,2
9.04567,3.16278,-3.3236,1
-9.31928,7.13284,3.54378,4
8.63529,-8.56615,1.33111,1
-7.3697,-9.42715,-7.64759,2
9.39593,6.97649,-5.20274,1
9.1535,4.14435,-5.2776,1
-10.2516,9.1183,1.52832,3
-9.17274,10.1295,4.3661,4
-7.13414,-8.27068,-8.0394,2
9.36889,6.02833,-5.06532,1
8.41965,-7.73603,2.2921,1
5.82675,4.47159,-4.99431,1
8.1558,3.69966,-3.89493,1
6.89016,5.75072,-4.43679,1
-11.4038,8.73593,4.40764,4
10.814,-7.96886,1.35563,1
-9.61724,8.82618,4.21783,4
-7.31247,-9.29643,-8.62719,2
-7.87226,10.022,6.73977,0
6.97739,7.1271,-3.60273,1
9.69964,6.95419,-4.45833,1
9.52598,5.85322,-4.58835,1
9.02908,-8.85406,1.86776,1
9.16996,5.47627,-5.47654,1
8.53726,-10.7368,-0.396865,1
8.28568,4.64561,-1.82143,1
8.69357,-9.30565,0.950618,1
9.92345,-8.67924,0.10888,1
-9.71904,9.49829,3.28213,3
-8.47996,-8.15259,-7.86365,2
10.6893,5.04578,-5.06605,1
-9.163,9.1695,2.68939,3
8.92583,-9.39554,1.70999,1
-9.28573,10.4188,6.89929,0
9.325,-10.064,0.924516,1
10.0389,4.10001,-6.82084,1
8.02803,5.11908,-3.40633,1
9.95769,5.16662,-6.78757,1
-9.7435,7.68073,6.87046,0
9.06097,-7.17335,0.815934,1
-9.397,7.67498,6.26987,0
-12.4141,8.58373,3.27133,4
11.4176,-8.50284,-0.642684,1
-8.611,9.7834,3.08612,3
8.65293,6.05473,-6.37036,1
-10.4858,8.8926,6.1324,0
-7.62618,-10.2729,-8.03968,2
8.55162,-8.02901,2.1685,1
8.90249,-8.09894,0.848367,1
8.24956,-9.93903,2.66727,1
-9.06598,8.17803,8.21961,0
-9.20477,7.37305,6.24021,0
7.47153,5.03793,-4.01358,1
8.58194,4.92958,-5.09967,1
9.23888,4.02573,-4.72959,1
-9.58331,9.91667,4.05716,4
-9.30061,11.541,4.06797,3
-9.21287,9.45391,5.98426,0
-9.03327,10.9086,3.51667,3
-7.20386,-8.59906,-7.29501,2
10.7499,-8.47183,1.87264,1
-10.2717,8.43205,2.96774,3
-10.5451,11.058,4.32796,4
8.72285,3.86597,-3.81602,1
10.6844,-8.84117,-0.331806,1
7.41308,5.53134,-6.24293,1
-8.03482,-9.06816,-7.84465,2
-9.41728,-8.84122,-8.85319,2
9.1393,4.99719,-5.44112,1
8.07187,5.33111,-3.85963,1
-9.6155,9.76439,7.51933,0
-7.70739,-11.8314,-8.65817,2
-10.9641,8.82575,7.03348,0
10.8388,-9.07002,1.07149,1
-9.18692,10.2759,7.51851,0
8.38887,5.6908,-5.2204,1
8.58601,-8.76324,1.18078,1
-8.53324,9.56352,4.67607,4
-7.732,-10.2387,-9.68894,2
10.4402,-8.21872,0.00603301,1
8.44614,-8.10215,-0.888924,1
-7.6384,10.8955,4.00028,3
-9.25704,9.54575,6.78634,0
-8.56394,7.46052,8.14892,0
-8.10005,8.05155,6.5017,0
8.61764,-11.1046,0.480691,1
10.1011,-8.08504,3.19853,1
-8.59397,9.39578,3.65786,3
-9.94643,9.56607,3.47849,3
-11.0459,11.2248,3.48873,3
-8.46148,7.34563,6.8891,0
-7.67713,-9.59034,-8.63574,2
9.9271,-8.19782,1.22055,1
-7.81962,-6.71583,-8.95379,2
-7.43084,-8.01321,-9.3155,2
-7.82256,-7.6746,-8.02468,2
-9.22239,10.3495,2.90047,3
-7.06735,8.72451,6.93237,0
8.4236,-9.38316,1.72004,1
-7.41093,-9.78834,-7.58651,2
7.87085,4.36748,-4.88096,1
-7.58952,-7.60449,-9.99601,2
-9.54977,9.78929,2.38198,3
9.01022,4.95269,-4.25921,1
-6.97868,-9.78663,-7.83926,2
10.4978,-8.97722,1.79661,1
7.43602,5.75805,-5.79264,1
-10.9678,8.91171,4.05134,4
8.82759,7.13908,-5.90701,1
8.7067,3.43621,-5.26953,1
-9.59393,10.0837,2.48442,3
-9.50791,11.5581,5.59855,4
-10.437,10.3715,6.66448,0
-9.96125,8.79751,7.26523,0
9.04514,6.29591,-2.47355,1
-7.16753,-10.4348,-7.08057,2
-8.08566,-10.2484,-8.75359,2
-8.36456,10.1665,5.03366,4
-7.40547,-9.27033,-8.79852,2
-9.16141,9.03945,7.92422,0
-10.2412,10.3724,8.36236,0
-7.34316,7.96131,8.53452,0
9.26408,-6.94323,0.359393,1
10.1691,4.44762,-5.45636,1
9.76371,-7.63967,0.629297,1
-8.21357,11.7261,3.17061,3
8.27385,5.09056,-5.14272,1
-8.90207,-10.3868,-7.02027,2
9.05181,4.69489,-6.41148,1
7.73111,5.34707,-4.11736,1
-8.52712,9.54279,5.63841,4
-8.26361,-9.38269,-8.32611,2
8.07668,6.41158,-4.86872,1
-9.85327,9.88961,4.92707,4
10.0256,-9.80312,1.19826,1
-10.2,8.86268,5.9424,0
-8.43392,11.2761,4.43754,3
-9.56892,10.5991,3.65165,3
8.6425,-7.07483,0.659837,1
-11.3833,9.74145,4.01671,4
-9.24958,-9.90595,-7.49304,2
-9.56917,8.37064,6.53357,0
-7.89423,-7.86695,-9.60678,2
-9.06925,7.91229,2.19114,3
7.93872,5.13046,-4.99263,1
-6.28239,-9.01977,-6.39522,2
-8.77256,-10.8623,-6.52387,2
11.0982,-9.71369,1.13125,1
10.579,-7.69375,1.35996,1
-9.64436,11.3077,6.58226,0
8.41044,-8.66457,2.5845,1
-9.22844,10.9659,2.83464,3
-11.2012,9.35515,5.91664,4
11.0465,-8.75136,1.48277,1
-7.515,-10.3916,-9.1781,2
8.2828,6.8866,-4.21115,1
10.7676,-11.1277,-0.349676,1
8.7726,-10.5508,1.57233,1
7.7041,-9.36343,2.43234,1
-7.50326,-9.88456,-8.67208,2
-9.34573,11.2659,3.59977,3
9.1649,-10.9965,0.609732,1
-9.18708,9.35397,6.04839,0
9.5907,-9.6279,0.35329,1
10.4328,-7.18471,2.34163,1
7.91812,3.13938,-2.72885,1
10.0051,6.92397,-6.17268,1
-7.64439,-10.1089,-7.56367,2
-9.46275,10.6632,2.5787,3
9.2214,6.71117,-3.6947,1
-10.0909,9.2583,4.07146,4
-8.86241,8.01214,6.98416,0
8.18795,-9.01453,0.336136,1
-9.8784,8.79189,4.18041,4
-7.67345,-8.64794,-7.95424,2
7.88478,-10.4412,2.27565,1
6.39583,7.01003,-5.9436,1
8.20929,4.13056,-3.59137,1
10.1823,-8.89638,0.232452,1
10.4737,-8.75928,-0.48648,1
-9.81793,9.54041,6.43592,0
-7.50504,-9.30083,-7.92538,2
-6.13699,-9.38012,-8.02104,2
-7.15559,-9.07916,-6.93415,2
-10.0691,7.80157,5.10545,4
6.73083,6.58167,-3.63072,1
-7.74099,7.81883,6.7464,0
8.68863,-7.63491,1.65929,1
-7.83605,-10.7353,-7.48614,2
8.92183,-8.98649,1.10897,1
10.5937,5.5611,-4.46515,1
7.23991,5.76946,-7.78438,1
-7.43435,-11.1888,-6.71663,2
-9.78875,8.69699,2.36171,3
9.34017,-10.2301,1.98373,1
-7.40822,-9.27898,-7.04326,2
8.28874,-9.08846,0.806391,1
6.57085,4.77397,-5.11918,1
9.05009,-9.71626,0.628289,1
-10.0754,10.3811,2.90966,3
11.8528,-8.91365,0.247991,1
-7.22972,-10.5506,-7.82771,2
9.52485,5.13665,-5.23304,1
-9.13129,7.40081,6.52296,0
-10.1078,10.0465,7.85132,0
9.30383,-8.55279,1.63112,1
-8.91159,7.7169,7.70281,0
-5.29626,-9.02388,-8.67446,2
-11.6181,11.083,6.4666,4
-7.8021,8.41086,4.83083,4
-10.5647,9.13654,4.84357,4
9.69405,-9.32863,0.572432,1
-8.04588,-9.61653,-7.23508,2
7.47324,4.76795,-4.85745,1
8.51643,-7.88905,1.0674,1
9.12903,-8.75769,0.0612428,1
8.0131,5.15139,-3.45016,1
8.92294,4.83137,-5.08256,1
8.7179,-7.69525,0.378822,1
-12.1432,9.22513,2.33189,3
-8.60068,8.5648,4.98977,4
-5.90364,-9.083,-8.45845,2
-9.11473,-10.9939,-9.14293,2
9.23814,-8.30109,1.23053,1
-10.3306,7.10329,7.14305,0
-10.28,12.0375,3.38917,3
8.36086,4.51632,-5.14249,1
-7.63277,8.25165,4.06983,4
-9.80694,-9.88221,-7.71186,2
-8.35067,-10.5912,-7.39495,2
8.37415,5.98023,-4.8785,1
-7.36588,-10.3582,-6.57308,2
-7.65777,-10.601,-9.04429,2
10.3482,-9.35789,-0.288035,1
-9.136,10.0753,7.10238,0
10.0815,3.7882,-3.84422,1
9.04227,-10.2183,-1.25659,1
8.02443,-6.96346,-1.19295,1
9.21669,-10.2291,0.956271,1
-9.50239,9.51564,6.2804,0
9.10124,-8.5302,2.46935,1
7.61719,5.47053,-3.7736,1
10.5812,-8.45956,0.45839,1
-7.96883,-6.90179,-7.83832,2
7.15046,5.1818,-5.81096,1
-9.35969,9.68931,5.53117,4
-8.82335,8.1478,5.33631,4
-9.58041,10.7312,4.11198,3
-8.93379,8.92553,2.64547,3
-9.86921,9.45259,5.86964,4
-7.76538,11.1677,6.7476,0
-9.92422,9.39735,3.98611,4
7.74757,6.81967,-5.22809,1
7.33927,6.12672,-6.06026,1
11.6476,-9.70408,0.0571678,1
-8.91574,-10.6266,-8.17554,2
-9.51667,8.69016,3.84774,4
-9.16866,10.0979,8.34887,0
-6.82124,-8.57315,-8.23177,2
9.80704,-9.75703,2.51416,1
-7.72301,-8.8796,-7.58986,2
-8.5209,-8.76135,-8.55705,2
-9.25153,9.22438,7.12589,0
-7.47267,-9.15857,-7.37731,2
-10.8145,11.5082,2.94418,3
-10.0803,10.6873,2.54391,3
-9.55181,9.69801,3.86665,4
-8.06678,8.2393,7.76656,0
-9.79758,10.1549,6.94259,0
-9.96444,-9.31616,-8.59798,2
7.43743,5.91522,-5.80974,1
8.62025,6.19831,-3.91068,1
-9.54398,8.64614,3.88549,4
-8.51321,9.91447,4.44683,4
8.60294,4.33566,-4.6244,1
10.5277,-10.0808,1.97932,1
7.51318,5.24365,-3.68436,1
9.0521,-9.04684,0.505346,1
9.26916,-7.76762,-0.0619374,1
8.24098,3.55873,-4.40991,1
-8.13371,-10.0623,-7.77912,2
